https://reason.com/~{'html': 1, 'head': 1, 'meta': 21, 'link': 28, 'script': 29, 'title': 1, 'style': 2, 'noscript': 1, 'img': 38, 'body': 1, 'div': 218, 'a': 219, 'nav': 1, 'button': 4, 'i': 10, 'ul': 8, 'li': 33, 'b': 1, 'form': 4, 'label': 3, 'span': 79, 'input': 12, 'p': 115, 'svg': 3, 'g': 30, 'rect': 30, 'animate': 30, 'main': 1, 'h1': 4, 'h2': 7, 'h4': 44, 'em': 6, 'article': 29, 'time': 25, 'section': 8, 'h3': 3, 'iframe': 2, 'footer': 1}~0.633638~1~1~13~8~1~312~reason~4~21~29~38~2~0~115~28~219~0
https://reason.com/latest/~{'html': 1, 'head': 1, 'meta': 28, 'link': 24, 'script': 29, 'title': 1, 'style': 2, 'noscript': 1, 'img': 52, 'body': 1, 'div': 188, 'a': 242, 'nav': 1, 'button': 4, 'i': 11, 'ul': 3, 'li': 22, 'b': 1, 'form': 3, 'label': 3, 'span': 104, 'input': 9, 'p': 149, 'svg': 2, 'g': 20, 'rect': 20, 'animate': 20, 'main': 1, 'h1': 1, 'article': 48, 'h4': 53, 'time': 48, 'em': 3, 'iframe': 2, 'aside': 1, 'section': 5, 'h3': 2, 'footer': 1}~0.501296~1~1~19~8~1~341~reason~1~28~29~52~2~0~149~24~242~1
https://reason.com/about/~{'html': 1, 'head': 1, 'meta': 21, 'link': 28, 'script': 28, 'title': 1, 'style': 2, 'noscript': 1, 'img': 4, 'body': 1, 'div': 25, 'a': 44, 'nav': 1, 'button': 4, 'i': 9, 'ul': 4, 'li': 29, 'b': 2, 'form': 2, 'label': 3, 'span': 3, 'input': 6, 'p': 10, 'svg': 1, 'g': 10, 'rect': 10, 'animate': 10, 'main': 1, 'h1': 1, 'em': 5, 'br': 5, 'footer': 1}~0.560009~1~1~13~8~1~106~reason~1~21~28~4~0~0~10~28~44~3
https://reason.org/~{'html': 1, 'head': 1, 'meta': 20, 'title': 1, 'link': 11, 'script': 25, 'style': 1, 'body': 1, 'header': 1, 'nav': 3, 'div': 193, 'ul': 49, 'li': 118, 'a': 257, 'i': 11, 'button': 3, 'span': 19, 'img': 44, 'b': 4, 'h4': 6, 'form': 3, 'input': 5, 'main': 1, 'p': 51, 'h2': 1, 'br': 11, 'h5': 42, 'h3': 10, 'footer': 1, 'svg': 1, 'g': 10, 'rect': 10, 'animate': 10, 'strong': 1}~0.948416~1~1~57~8~1~307~reason~0~20~25~44~0~0~51~11~257~7
https://www.propellerheads.com/en/reason~{'html': 1, 'head': 1, 'meta': 10, 'title': 1, 'link': 24, 'script': 38, 'style': 1, 'body': 1, 'div': 165, 'svg': 132, 'symbol': 5, 'path': 5, 'polygon': 1, 'a': 130, 'header': 1, 'nav': 2, 'img': 32, 'ul': 18, 'li': 73, 'button': 4, 'span': 29, 'use': 131, 'form': 3, 'input': 12, 'i': 64, 'h4': 22, 'small': 76, 'br': 13, 'figure': 26, 'em': 2, 's': 3, 'section': 9, 'h1': 1, 'h2': 8, 'p': 35, 'noscript': 13, 'h3': 18, 'b': 4, 'article': 12, 'sup': 6, 'table': 1, 'thead': 1, 'tr': 92, 'th': 3, 'tbody': 1, 'td': 273, 'label': 5, 'footer': 1, 'iframe': 1}~0.818246~1~1~29~34~1~315~reason~1~10~38~32~1~0~35~24~130~9
https://www.propellerheads.com/~{'html': 1, 'head': 1, 'meta': 10, 'title': 1, 'link': 17, 'script': 34, 'style': 1, 'body': 1, 'div': 77, 'svg': 3, 'symbol': 5, 'path': 5, 'polygon': 1, 'a': 71, 'header': 1, 'nav': 1, 'img': 16, 'ul': 15, 'li': 57, 'button': 1, 'span': 15, 'use': 2, 'form': 2, 'input': 4, 'i': 9, 'h4': 8, 'section': 6, 'picture': 2, 'source': 4, 'noscript': 9, 'article': 3, 'h2': 3, 'p': 15, 'b': 5, 'h3': 4, 'figure': 2, 'footer': 1, 'br': 2, 'iframe': 1}~0.620259~1~1~17~-1~1~54~reason~0~10~34~16~1~0~15~17~71~10
https://www.thesaurus.com/browse/reason~{'html': 1, 'head': 1, 'meta': 11, 'link': 9, 'title': 1, 'script': 20, 'style': 131, 'body': 1, 'noscript': 2, 'iframe': 1, 'div': 74, 'header': 1, 'nav': 2, 'ul': 19, 'li': 199, 'a': 207, 'button': 3, 'span': 201, 'img': 5, 'form': 1, 'label': 1, 'input': 1, 'main': 1, 'aside': 21, 'section': 17, 'h1': 1, 'audio': 2, 'source': 3, 'em': 9, 'strong': 5, 'p': 19, 'hr': 1, 'h2': 3, 'h3': 6, 'footer': 1}~0.126772~1~1~163~33~1~104~reason~1~11~20~5~1~0~19~9~207~12
http://www.newadvent.org/cathen/12673b.htm~{'html': 1, 'head': 1, 'title': 1, 'link': 7, 'script': 13, 'meta': 5, 'body': 1, 'br': 3, 'div': 8, 'table': 7, 'tr': 7, 'td': 14, 'a': 143, 'img': 2, 'form': 1, 'input': 5, 'span': 20, 'h1': 1, 'p': 16, 'em': 45, 'strong': 7, 'h2': 6, 'hardpoint="ad-cathen-middle"': 1, 'center': 1, 'noscript': 1}~0.118137~0~1~4~-1~1~50~reason~1~5~13~2~0~0~16~7~143~20
https://soundcloud.com/reasonmag~{'html': 1, 'head': 1, 'meta': 77, 'link': 27, 'title': 1, 'script': 12, 'body': 1, 'div': 14, 'style': 2, 'a': 34, 'noscript': 2, 'p': 9, 'article': 11, 'header': 1, 'h1': 1, 'img': 1, 'section': 1, 'h2': 11, 'time': 10, 'footer': 1, 'ul': 1, 'li': 4, 'br': 1}~0.684999~1~1~25~23~1~69~reason~1~77~12~1~0~0~9~27~34~21
https://www.thesaurus.com/browse/answer~{'html': 1, 'head': 1, 'meta': 11, 'link': 9, 'title': 1, 'script': 20, 'style': 128, 'body': 1, 'noscript': 2, 'iframe': 1, 'div': 73, 'header': 1, 'nav': 2, 'ul': 19, 'li': 218, 'a': 229, 'button': 2, 'span': 218, 'img': 5, 'form': 1, 'label': 1, 'input': 1, 'main': 1, 'aside': 21, 'section': 17, 'h1': 1, 'audio': 2, 'source': 3, 'em': 7, 'strong': 3, 'p': 18, 'hr': 1, 'h2': 3, 'h3': 6, 'footer': 1}~0.137983~1~1~158~33~1~89~answer~1~11~20~5~1~0~18~9~229~6
https://www.answers.com/~{'html': 1, 'head': 1, 'meta': 20, 'link': 43, 'title': 1, 'script': 10, 'body': 1, 'div': 420, 'header': 51, 'section': 57, 'a': 375, 'svg': 1, 'image': 1, 'form': 1, 'i': 156, 'input': 11, 'button': 101, 'aside': 4, 'article': 50, 'span': 150, 'h3': 50, 'fieldset': 1, 'h5': 2, 'ul': 3, 'li': 40, 'iframe': 1, 'style': 2, 'footer': 1}~0.184225~1~1~491~12~1~438~answer~0~20~10~0~1~0~0~43~375~8
https://lb.511.nebraska.gov/nelb/~{'html': 1, 'head': 1, 'title': 1, 'link': 6, 'body': 1, 'style': 2, 'div': 945, 'a': 491, 'table': 3, 'tr': 9, 'td': 17, 'img': 478, 'span': 25, 'meta': 1, 'script': 4, 'marquee': 1, 'form': 1, 'input': 4, 'map': 1, 'area': 414, 'select': 1, 'option': 8, 'br': 2}~0.57764~1~1~1001~-1~1~1295~condition~0~1~4~478~0~0~0~6~491~20
https://www.scratchjr.org/~{'html': 1, 'head': 1, 'meta': 14, 'title': 1, 'link': 3, 'script': 4, 'body': 1, 'div': 2}~0.12407~1~1~0~12~1~8~scratch~0~14~4~0~0~0~0~3~0~2
https://scratched.gse.harvard.edu/~{'html': 1, 'head': 1, 'meta': 5, 'title': 1, 'link': 5, 'script': 4, 'body': 1, 'div': 173, 'a': 58, 'img': 22, 'ul': 2, 'li': 5, 'h3': 1, 'p': 11, 'span': 16, 'noscript': 1, 'style': 1}~0.174751~1~1~4~8~1~54~scratch~0~5~4~22~0~0~11~5~58~3
https://www.command.com/3M/en_US/command/~{'html': 1, 'head': 1, 'meta': 27, 'script': 3, 'title': 1, 'link': 19, 'body': 1, 'div': 31, 'ul': 7, 'li': 46, 'a': 50, 'img': 4, 'i': 43, 'form': 1, 'fieldset': 1, 'input': 2, 'button': 1, 'span': 1, 'picture': 1, 'source': 3}~0.188844~1~1~92~12~1~221~command~0~27~3~4~0~0~0~19~50~0
https://www.command.com/3M/en_US/command/products/~{'html': 1, 'head': 1, 'meta': 38, 'script': 4, 'title': 1, 'link': 18, 'body': 1, 'div': 40, 'ul': 7, 'li': 49, 'a': 52, 'img': 4, 'i': 44, 'form': 1, 'fieldset': 1, 'input': 3, 'button': 1, 'ol': 1, 'span': 5, 'style': 1, 'picture': 1, 'source': 3}~0.123742~1~1~39~12~1~298~command~0~38~4~4~0~0~0~18~52~2
https://www.command.com/3M/en_US/command/contact-us/~{'html': 1, 'head': 1, 'meta': 26, 'script': 10, 'title': 1, 'link': 22, 'body': 1, 'div': 95, 'ul': 18, 'li': 101, 'a': 112, 'img': 6, 'i': 55, 'form': 3, 'fieldset': 3, 'input': 13, 'button': 2, 'ol': 1, 'span': 27, 'h1': 1, 'p': 8, 'h3': 4, 'br': 5, 'hr': 2, 'label': 6, 'textarea': 2}~0.592253~1~1~26~12~1~168~command~1~26~10~6~0~0~8~22~112~3
https://www.thesaurus.com/browse/command~{'html': 1, 'head': 1, 'meta': 11, 'link': 9, 'title': 1, 'script': 20, 'style': 131, 'body': 1, 'noscript': 2, 'iframe': 1, 'div': 74, 'header': 1, 'nav': 2, 'ul': 19, 'li': 275, 'a': 285, 'button': 3, 'span': 274, 'img': 5, 'form': 1, 'label': 1, 'input': 1, 'main': 1, 'aside': 21, 'section': 17, 'h1': 1, 'audio': 2, 'source': 3, 'em': 8, 'strong': 4, 'p': 18, 'hr': 1, 'h2': 3, 'h3': 6, 'footer': 1}~0.114943~1~1~162~33~1~102~command~1~11~20~5~1~0~18~9~285~16
https://command.3m.co.uk/3M/en_GB/command-gb/~{'html': 1, 'head': 1, 'meta': 26, 'script': 10, 'title': 1, 'link': 35, 'body': 1, 'div': 161, 'ul': 24, 'li': 95, 'a': 118, 'img': 19, 'i': 46, 'form': 2, 'fieldset': 2, 'input': 4, 'button': 2, 'span': 28, 'picture': 2, 'source': 6, 'video': 2, 'noscript': 11, 'style': 2, 'h1': 3, 'p': 6, 'br': 2, 'h3': 4, 'hr': 3, 'h2': 1}~0.184676~1~1~95~8~1~136~command~3~26~10~19~0~2~6~35~118~18
https://www.thesaurus.com/browse/probable~{'html': 1, 'head': 1, 'script': 21, 'meta': 11, 'link': 9, 'title': 1, 'style': 126, 'body': 1, 'noscript': 2, 'iframe': 1, 'div': 72, 'header': 1, 'nav': 2, 'ul': 19, 'li': 200, 'a': 210, 'button': 2, 'span': 199, 'img': 5, 'form': 1, 'label': 1, 'input': 1, 'main': 1, 'aside': 21, 'section': 17, 'h1': 1, 'audio': 2, 'source': 3, 'em': 5, 'strong': 1, 'p': 18, 'hr': 1, 'h2': 3, 'h3': 6, 'footer': 1}~0.148865~1~1~156~-1~1~5~potential~1~11~21~5~1~0~18~9~210~8
https://www.thesaurus.com/browse/abeyant~{'html': 1, 'head': 1, 'script': 21, 'meta': 11, 'link': 9, 'title': 1, 'style': 121, 'body': 1, 'noscript': 2, 'iframe': 1, 'div': 65, 'header': 1, 'nav': 2, 'ul': 18, 'li': 261, 'a': 269, 'button': 2, 'span': 253, 'img': 5, 'form': 1, 'label': 1, 'input': 1, 'main': 1, 'aside': 21, 'section': 16, 'h1': 1, 'audio': 2, 'source': 3, 'em': 4, 'strong': 1, 'p': 8, 'h2': 2, 'h3': 6, 'footer': 1}~0.091182~1~1~140~-1~1~18~potential~1~11~21~5~1~0~8~9~269~9
http://www.manager.co.th/home/~{'html': 1, 'head': 1, 'title': 1, 'meta': 3, 'script': 1}~1.228126~0~1~5~11~1~0~manager~0~3~1~0~0~0~0~0~0~12
https://www.manager-tools.com/~{'html': 1, 'head': 1, 'meta': 8, 'link': 18, 'title': 1, 'script': 23, 'body': 1, 'noscript': 1, 'iframe': 1, 'ul': 12, 'li': 70, 'a': 102, 'div': 71, 'style': 2, 'img': 19, 'p': 28, 'br': 1, 'button': 1, 'h2': 10, 'h3': 2, 'nav': 2, 'span': 4, 'header': 1, 'form': 1, 'label': 1, 'input': 4, 'blockquote': 8, 'cite': 8, 'article': 1, 'strong': 2, 'audio': 1, 'i': 1, 'footer': 1}~0.155452~1~1~47~12~1~152~manager~0~8~23~19~1~0~28~18~102~17
https://www.purpose.com/~{'html': 1, 'head': 1, 'meta': 16, 'script': 8, 'link': 23, 'title': 1, 'body': 1, 'main': 1, 'div': 249, 'section': 6, 'a': 90, 'span': 71, 'i': 3, 'strong': 4, 'form': 2, 'label': 10, 'input': 10, 'small': 2, 'p': 9, 'h1': 3, 'nav': 4, 'ul': 9, 'li': 53, 'header': 1, 'svg': 3, 'g': 6, 'path': 15, 'polyline': 2, 'button': 1, 'h2': 1, 'img': 15, 'footer': 1, 'br': 1}~0.169047~1~1~47~12~1~206~purpose~3~16~8~15~0~0~9~23~90~2
https://www.purpose.com/about/~{'html': 1, 'head': 1, 'title': 1, 'script': 1, 'body': 1, 'center': 2, 'h1': 1, 'hr': 1}~0.155924~1~1~51~12~1~0~purpose~1~0~1~0~0~0~0~0~0~3
https://www.purpose.com/jobs/~{'html': 1, 'head': 1, 'title': 1, 'script': 1, 'body': 1, 'center': 2, 'h1': 1, 'hr': 1}~0.179451~1~1~72~12~1~0~purpose~1~0~1~0~0~0~0~0~0~4
https://www.purpose.com/team/~{'html': 1, 'head': 1, 'title': 1, 'script': 1, 'body': 1, 'center': 2, 'h1': 1, 'hr': 1}~0.157435~1~1~51~12~1~0~purpose~1~0~1~0~0~0~0~0~0~5
https://www.purpose.com/work/~{'html': 1, 'head': 1, 'meta': 16, 'script': 7, 'link': 23, 'title': 1, 'body': 1, 'main': 1, 'div': 216, 'section': 4, 'a': 103, 'span': 64, 'i': 4, 'strong': 4, 'form': 2, 'label': 10, 'input': 10, 'small': 2, 'p': 7, 'h1': 3, 'nav': 4, 'ul': 11, 'li': 60, 'header': 1, 'svg': 3, 'g': 6, 'path': 15, 'polyline': 2, 'button': 1, 'br': 2, 'footer': 1}~0.10751~1~1~16~12~1~147~purpose~3~16~7~0~0~0~7~23~103~6
https://www.thesaurus.com/browse/purpose~{'html': 1, 'head': 1, 'script': 21, 'meta': 11, 'link': 9, 'title': 1, 'style': 132, 'body': 1, 'noscript': 2, 'iframe': 1, 'div': 74, 'header': 1, 'nav': 2, 'ul': 19, 'li': 263, 'a': 270, 'button': 3, 'span': 265, 'img': 5, 'form': 1, 'label': 1, 'input': 1, 'main': 1, 'aside': 21, 'section': 17, 'h1': 1, 'audio': 2, 'source': 3, 'em': 8, 'strong': 4, 'p': 18, 'hr': 1, 'h2': 3, 'h3': 6, 'footer': 1}~0.130357~1~1~163~33~1~94~purpose~1~11~21~5~1~0~18~9~270~7
https://www.thesaurus.com/browse/pressure~{'html': 1, 'head': 1, 'meta': 11, 'link': 9, 'title': 1, 'script': 20, 'style': 129, 'body': 1, 'noscript': 2, 'iframe': 1, 'div': 73, 'header': 1, 'nav': 2, 'ul': 19, 'li': 203, 'a': 212, 'button': 2, 'span': 201, 'img': 5, 'form': 1, 'label': 1, 'input': 1, 'main': 1, 'aside': 21, 'section': 17, 'h1': 1, 'audio': 2, 'source': 3, 'em': 7, 'strong': 3, 'p': 19, 'hr': 1, 'h2': 3, 'h3': 6, 'footer': 1}~0.65431~1~1~160~33~1~93~pressure~1~11~20~5~1~0~19~9~212~7
https://soundcloud.com/pressure-records~{'html': 1, 'head': 1, 'meta': 77, 'link': 27, 'title': 1, 'script': 12, 'body': 1, 'div': 14, 'style': 2, 'a': 34, 'noscript': 2, 'p': 9, 'article': 11, 'header': 1, 'h1': 1, 'img': 1, 'section': 1, 'h2': 11, 'time': 10, 'footer': 1, 'ul': 1, 'li': 4, 'br': 1}~0.666915~1~1~25~23~1~58~pressure~1~77~12~1~0~0~9~27~34~21
https://www.weather.gov/jetstream/pressure~{'html': 1, 'head': 1, 'link': 10, 'title': 1, 'meta': 11, 'script': 17, 'body': 1, 'div': 47, 'a': 60, 'img': 11, 'nav': 2, 'button': 3, 'span': 14, 'ul': 7, 'li': 54, 'form': 1, 'label': 1, 'i': 6, 'input': 2, 'hr': 1, 'article': 1, 'h1': 1, 'figure': 6, 'figcaption': 6, 'br': 18, 'p': 36, 'b': 1, 'h2': 4, 'ol': 1}~0.572625~1~1~11~34~1~57~pressure~1~11~17~11~0~0~36~10~60~22
https://www.card.com/~{'html': 1, 'head': 1, 'meta': 25, 'script': 28, 'link': 15, 'noscript': 4, 'iframe': 1, 'img': 5, 'title': 1, 'style': 1, 'body': 1, 'div': 53, 'header': 1, 'hgroup': 1, 'a': 29, 'span': 6, 'nav': 1, 'h1': 1, 'sup': 11, 'form': 2, 'input': 7, 'h3': 5, 'p': 15, 'strong': 4, 'ul': 11, 'li': 34, 'footer': 1, 'h2': 2}~0.532974~1~1~52~12~1~603~card~1~25~28~5~1~0~15~15~29~2
https://www.card.com/start~{'html': 1, 'head': 1, 'meta': 27, 'script': 24, 'link': 16, 'noscript': 4, 'iframe': 1, 'img': 3, 'title': 1, 'style': 1, 'body': 1, 'div': 39, 'header': 1, 'hgroup': 1, 'a': 24, 'span': 5, 'nav': 1, 'p': 10, 'form': 1, 'h2': 1, 'input': 8, 'hr': 1, 'br': 1, 'label': 1, 'footer': 1, 'ul': 6, 'li': 22}~0.292669~1~1~56~12~1~195~card~0~27~24~3~1~0~10~16~24~3
https://www.apple.com/apple-card/~{'html': 1, 'head': 1, 'meta': 19, 'link': 8, 'title': 1, 'script': 10, 'body': 1, 'aside': 4, 'input': 13, 'nav': 4, 'div': 166, 'ul': 18, 'li': 90, 'label': 12, 'span': 86, 'a': 110, 'form': 1, 'button': 4, 'main': 1, 'section': 15, 'h1': 1, 'h2': 14, 'p': 21, 'figure': 12, 'sup': 6, 'br': 5, 'video': 2, 'iframe': 2, 'small': 2, 'footer': 1, 'ol': 2, 'h3': 9}~0.124182~1~1~35~28~1~97~card~1~19~10~0~2~2~21~8~110~4
https://getbootstrap.com/docs/4.0/components/card/~{'html': 1, 'head': 1, 'meta': 22, 'title': 6, 'link': 10, 'script': 8, 'body': 1, 'a': 147, 'div': 227, 'span': 2033, 'header': 1, 'svg': 5, 'path': 7, 'ul': 21, 'li': 113, 'form': 1, 'input': 1, 'button': 1, 'nav': 1, 'main': 1, 'h1': 1, 'p': 104, 'h2': 9, 'strong': 3, 'code': 57, 'img': 21, 'h5': 54, 'pre': 28, 'h3': 17, 'h6': 1, 'blockquote': 4, 'footer': 4, 'cite': 4, 'small': 20, 'figure': 1}~3.176212~1~1~22~45~6~965~card~1~22~8~21~0~0~104~10~147~12
https://appcard.appstate.edu/about/replacement-appcards~{'html': 1, 'head': 1, 'meta': 17, 'link': 10, 'title': 1, 'script': 7, 'body': 1, 'div': 89, 'a': 39, 'img': 3, 'form': 1, 'label': 1, 'input': 1, 'button': 2, 'i': 8, 'span': 7, 'h1': 4, 'nav': 1, 'ul': 9, 'li': 39, 'h2': 3, 'ol': 1, 'section': 3, 'article': 5, 'h3': 4, 'p': 9, 'br': 19, 'h4': 3, 'strong': 3, 'aside': 1, 'footer': 1, 'address': 1}~1.368634~1~1~20~11~1~97~card~4~17~7~3~0~0~9~10~39~18
https://www.petalcard.com/the-card~{'html': 1, 'head': 1, 'meta': 8, 'title': 1, 'link': 3, 'script': 13, 'style': 1, 'noscript': 3, 'img': 35, 'body': 1, 'div': 170, 'nav': 1, 'a': 42, 'br': 6, 'strong': 3, 'iframe': 1}~0.189317~1~1~10~17~1~50~card~0~8~13~35~1~0~0~3~42~19
https://9gag.com/guy~{'html': 1, 'head': 1, 'title': 1, 'link': 14, 'meta': 22, 'script': 10, 'body': 1, 'header': 6, 'div': 296, 'a': 107, 'nav': 1, 'ul': 23, 'li': 127, 'img': 2, 'h3': 72, 'p': 140, 'span': 6, 'form': 1, 'input': 8, 'section': 9, 'textarea': 1, 'label': 3, 'h1': 1}~0.261359~1~1~12~17~1~49~guy~1~22~10~2~0~0~140~14~107~17
https://www.guyharvey.com/~{'html': 1, 'head': 1, 'meta': 5, 'title': 1, 'link': 21, 'script': 61, 'noscript': 2, 'iframe': 2, 'body': 1, 'div': 109, 'p': 4, 'strong': 5, 'br': 11, 'header': 1, 'a': 241, 'img': 26, 'span': 61, 'form': 6, 'label': 4, 'input': 6, 'button': 6, 'ul': 45, 'li': 219, 'nav': 1, 'ol': 1, 'h3': 1, 'address': 1, 'b': 1}~0.543647~1~1~5~12~1~409~guy~0~5~61~26~2~0~4~21~241~19
https://www.guyclark.com/~{'html': 1, 'head': 1, 'meta': 5, 'title': 1, 'link': 1, 'script': 4, 'body': 1, 'div': 81, 'ul': 3, 'li': 21, 'a': 53, 'img': 7, 'p': 56, 'em': 14, 'span': 33, 'strong': 2, 'sup': 1}~0.360235~1~1~1~12~1~51~guy~0~5~4~7~0~0~56~1~53~20
https://guylaramee.com/~{'html': 1, 'head': 1, 'meta': 13, 'title': 1, 'link': 29, 'script': 37, 'style': 3, 'noscript': 1, 'body': 1, 'div': 60, 'aside': 1, 'a': 41, 'nav': 2, 'ul': 8, 'li': 42, 'i': 58, 'span': 80, 'header': 1, 'img': 4, 'ol': 1, 'footer': 1}~0.512396~1~1~3~8~1~123~guy~0~13~37~4~0~0~0~29~41~24
https://mentalhealthrecovery.com/~{'html': 1, 'head': 1, 'meta': 9, 'title': 1, 'link': 23, 'script': 18, 'style': 6, 'body': 1, 'noscript': 1, 'iframe': 2, 'div': 56, 'h3': 6, 'a': 60, 'header': 2, 'img': 10, 'h1': 1, 'span': 16, 'nav': 1, 'section': 4, 'ul': 5, 'li': 27, 'p': 26, 'strong': 7, 'article': 1, 'h2': 4, 'hr': 2, 'aside': 1, 'form': 1, 'input': 2, 'br': 10, 'em': 1, 'footer': 1}~1.372685~1~1~15~-1~1~66~wrap~1~9~18~10~2~0~26~23~60~5
https://www.thewrap.com/~{'html': 1, 'head': 1, 'meta': 44, 'title': 1, 'link': 28, 'script': 73, 'style': 5, 'body': 1, 'noscript': 3, 'iframe': 4, 'div': 234, 'header': 1, 'button': 9, 'span': 123, 'a': 337, 'img': 81, 'form': 2, 'label': 2, 'input': 4, 'nav': 1, 'ul': 22, 'li': 129, 'h2': 62, 'article': 48, 'p': 21, 'h3': 31, 'footer': 1}~0.597254~1~1~27~15~1~970~wrap~0~44~73~81~4~0~21~28~337~20
https://www.wraplondon.com/~{'html': 1, 'head': 1, 'title': 1, 'meta': 7, 'link': 7, 'script': 14, 'noscript': 2, 'img': 26, 'style': 1, 'body': 1, 'div': 155, 'a': 60, 'span': 18, 'form': 1, 'input': 3, 'ul': 3, 'li': 23, 'br': 3, 'button': 2, 'iframe': 1}~0.585952~1~1~25~12~1~93~wrap~0~7~14~26~1~0~0~7~60~21
https://www.wrap.co/~{'html': 1, 'head': 1, 'title': 1, 'body': 1, 'center': 2, 'h1': 1, 'hr': 1}~0.275898~1~1~40~12~1~0~wrap~1~0~0~0~0~0~0~0~0~24
https://www.guess.com/en/~{'html': 1, 'head': 1, 'meta': 2, 'title': 1, 'link': 5, 'style': 2, 'script': 16, 'noscript': 1, 'iframe': 1, 'body': 1, 'div': 4, 'ul': 3, 'li': 19, 'a': 20, 'img': 17, 'span': 7, 'p': 1}~0.244716~1~1~40~12~1~67~guess~0~2~16~17~1~0~1~5~20~5
https://www.care.org/~{'html': 1, 'head': 1, 'meta': 37, 'script': 19, 'style': 2, 'link': 5, 'title': 1, 'noscript': 2, 'img': 37, 'body': 1, 'span': 67, 'ul': 22, 'li': 167, 'iframe': 1, 'div': 665, 'a': 245, 'header': 2, 'hgroup': 1, 'nav': 1, 'form': 11, 'label': 2, 'input': 34, 'ol': 16, 'aside': 3, 'picture': 21, 'source': 84, 'section': 1, 'h1': 1, 'h2': 12, 'p': 23, 'h5': 2, 'br': 2, 'h3': 1, 'footer': 1}~1.092881~1~1~15~12~1~426~care~1~37~19~37~1~0~23~5~245~0
https://www.care.org/about~{'html': 1, 'head': 1, 'meta': 34, 'script': 17, 'style': 2, 'link': 5, 'title': 1, 'noscript': 2, 'img': 25, 'body': 1, 'span': 39, 'ul': 22, 'li': 167, 'iframe': 1, 'div': 485, 'a': 217, 'header': 2, 'hgroup': 1, 'nav': 2, 'form': 9, 'label': 2, 'input': 28, 'ol': 16, 'aside': 1, 'picture': 21, 'source': 84, 'section': 1, 'h2': 13, 'h1': 1, 'p': 27, 'footer': 1}~0.115077~1~1~15~12~1~388~care~1~34~17~25~1~0~27~5~217~1
https://www.care.org/careers~{'html': 1, 'head': 1, 'meta': 34, 'script': 18, 'style': 3, 'link': 5, 'title': 1, 'noscript': 2, 'img': 17, 'body': 1, 'span': 27, 'ul': 22, 'li': 167, 'iframe': 1, 'div': 361, 'a': 209, 'header': 2, 'hgroup': 1, 'nav': 2, 'form': 9, 'label': 2, 'input': 28, 'ol': 16, 'aside': 1, 'picture': 14, 'source': 56, 'section': 1, 'h2': 11, 'h1': 1, 'p': 34, 'h3': 2, 'br': 1, 'strong': 4, 'footer': 1}~0.113468~1~1~15~12~1~354~care~1~34~18~17~1~0~34~5~209~2
https://www.care.com/~{'html': 1, 'head': 1, 'script': 18, 'meta': 8, 'title': 19, 'link': 24, 'style': 19, 'noscript': 2, 'body': 1, 'div': 437, 'img': 3, 'hr': 2, 'section': 5, 'button': 145, 'span': 460, 'form': 3, 'input': 178, 'a': 85, 'label': 74, 'svg': 184, 'g': 218, 'path': 517, 'fieldset': 3, 'legend': 3, 'circle': 2, 'defs': 23, 'clippath': 17, 'lineargradient': 1, 'stop': 4, 'polygon': 53, 'h1': 1, 'h3': 8, 'h4': 39, 'ul': 23, 'li': 70, 'mask': 7, 'use': 14, 'rect': 41, 'p': 7, 'h2': 49, 'br': 9, 'select': 2, 'option': 53}~0.174122~1~1~1~12~19~584~care~1~8~18~3~0~0~7~24~85~5
https://www.boonevet.net/~{'html': 1, 'head': 1, 'meta': 17, 'base': 1, 'title': 1, 'link': 3, 'script': 21, 'body': 1, 'div': 183, 'nav': 2, 'ul': 10, 'li': 88, 'a': 108, 'span': 89, 'header': 1, 'h1': 4, 'br': 20, 'section': 1, 'noscript': 18, 'img': 36, 'p': 3, 'strong': 17, 'h2': 6, 'em': 1, 'h3': 1, 'iframe': 2, 'footer': 1}~0.33844~1~1~33~-1~1~51~care~4~17~21~36~2~0~3~3~108~14
https://www.thesaurus.com/browse/care~{'html': 1, 'head': 1, 'meta': 11, 'link': 9, 'title': 1, 'script': 20, 'style': 131, 'body': 1, 'noscript': 2, 'iframe': 1, 'div': 75, 'header': 1, 'nav': 2, 'ul': 19, 'li': 310, 'a': 315, 'button': 3, 'span': 315, 'img': 5, 'form': 1, 'label': 1, 'input': 1, 'main': 1, 'aside': 21, 'section': 17, 'h1': 1, 'audio': 2, 'source': 3, 'em': 9, 'strong': 5, 'p': 19, 'hr': 1, 'h2': 3, 'h3': 6, 'footer': 1}~0.145924~1~1~163~33~1~111~care~1~11~20~5~1~0~19~9~315~17
http://www.newadvent.org/cathen/11189a.htm~{'html': 1, 'head': 1, 'title': 1, 'link': 7, 'script': 14, 'meta': 5, 'body': 1, 'br': 3, 'div': 9, 'table': 7, 'tr': 7, 'td': 14, 'a': 333, 'img': 2, 'form': 1, 'input': 5, 'span': 20, 'h1': 1, 'p': 29, 'em': 9, 'strong': 7, 'blockquote': 2, 'hardpoint="ad-cathen-middle"': 1, 'h2': 2, 'center': 1, 'noscript': 1}~0.092148~0~1~4~-1~1~42~obligation~1~5~14~2~0~0~29~7~333~19
https://www.war.com/~{'html': 1, 'head': 1, 'meta': 17, 'link': 6, 'script': 17, 'title': 1, 'body': 1, 'div': 278, 'style': 46, 'footer': 1, 'img': 34, 'iframe': 2, 'a': 21, 'section': 2, 'span': 34, 'header': 1, 'svg': 3, 'defs': 1, 'mask': 1, 'use': 1, 'g': 2, 'path': 2, 'image': 1, 'main': 1, 'p': 8}~0.319234~1~1~95~12~1~65~war~0~17~17~34~2~0~8~6~21~6
https://www.youtube.com/user/TheGreatWar~{'html': 1, 'head': 1, 'style': 4, 'script': 19, 'link': 25, 'title': 1, 'meta': 62, 'span': 1023, 'body': 1, 'div': 518, 'form': 3, 'input': 4, 'button': 129, 'a': 197, 'iframe': 1, 'img': 68, 'ul': 100, 'li': 223, 'h2': 9, 'hr': 3, 'h3': 57, 'p': 11, 'ol': 1, 'label': 2, 'h1': 1, 'br': 34, 'wbr': 1, 'b': 9}~0.950072~1~1~18~37~1~244~war~1~62~19~68~1~0~11~25~197~19
https://www.starwars.com/~{'html': 1, 'head': 1, 'title': 1, 'link': 9, 'script': 17, 'meta': 19, 'body': 1, 'div': 696, 'button': 3, 'ul': 18, 'li': 54, 'a': 159, 'u': 19, 'span': 184, 'form': 2, 'input': 4, 'style': 2, 'p': 40, 'nav': 1, 'ol': 1, 'article': 1, 'section': 21, 'h2': 9, 'img': 54, 'h3': 39, 'h4': 46, 'iframe': 3, 'font': 1, 'h1': 5, 'i': 5, 'br': 7, 'b': 1, 'em': 1, 'time': 3, 'footer': 1, 'noscript': 2}~0.156927~1~1~89~16~1~1173~war~5~19~17~54~3~0~40~9~159~24
https://www.goarmy.com/~{'html': 1, 'head': 1, 'meta': 16, 'link': 7, 'title': 1, 'script': 12, 'body': 1, 'header': 1, 'div': 331, 'a': 173, 'img': 48, 'form': 2, 'input': 10, 'span': 54, 'button': 5, 'ul': 29, 'li': 121, 'nav': 2, 'section': 5, 'main': 1, 'picture': 16, 'source': 30, 'video': 2, 'h1': 1, 'br': 34, 'h4': 6, 'p': 13, 'h3': 8, 'h2': 3, 'footer': 1, 'h5': 4}~0.18818~1~1~39~14~1~269~army~1~16~12~48~0~2~13~7~173~0
https://www.goarmy.com/careers-and-jobs.html~{'html': 1, 'head': 1, 'meta': 17, 'link': 7, 'title': 1, 'script': 13, 'body': 1, 'header': 1, 'div': 405, 'a': 189, 'img': 46, 'form': 4, 'input': 22, 'span': 81, 'button': 5, 'ul': 30, 'li': 131, 'nav': 2, 'section': 5, 'main': 1, 'picture': 14, 'source': 28, 'h1': 1, 'br': 46, 'p': 17, 'h4': 12, 'h3': 4, 'select': 1, 'option': 11, 'h2': 5, 'video': 2, 'h5': 6, 'footer': 1}~0.171222~1~1~41~14~1~266~army~1~17~13~46~0~2~17~7~189~1
https://www.goarmyed.com/~{'html': 1, 'head': 1, 'meta': 3, 'title': 1, 'link': 3, 'script': 21, 'style': 1, 'body': 1, 'form': 1, 'input': 14, 'div': 169, 'a': 104, 'span': 43, 'ul': 18, 'li': 105, 'img': 54, 'br': 12, 'p': 5, 'i': 3, 'table': 1, 'tr': 1, 'td': 3, 'ol': 4, 'button': 2, 'h4': 1}~0.367295~1~1~76~14~1~112~army~0~3~21~54~0~0~5~3~104~14
http://www.shopmyexchange.com/~{'html': 1, 'head': 1, 'link': 13, 'meta': 15, 'script': 27, 'title': 1, 'body': 1, 'div': 772, 'header': 1, 'a': 1134, 'i': 149, 'span': 202, 'img': 63, 'button': 7, 'ul': 11, 'li': 44, 'h6': 208, 'map': 3, 'area': 8, 'form': 3, 'input': 23, 'label': 3, 'h2': 1, 'hr': 1, 'fieldset': 2, 'legend': 2, 'br': 3, 'h1': 2, 'strong': 1, 'style': 2, 'p': 1, 'b': 10, 'h3': 2, 'footer': 1, 'h5': 8, 'sup': 1}~0.373411~0~1~219~-1~1~25~army~2~15~27~63~0~0~1~13~1134~15
https://www.earthday.org/~{'html': 1, 'head': 1, 'title': 1, 'body': 1, 'center': 2, 'h1': 1, 'hr': 1}~0.221819~1~1~68~12~1~0~earth~1~0~0~0~0~0~0~0~0~10
https://www.earthhour.org/~{'html': 1, 'head': 1, 'meta': 13, 'script': 10, 'link': 8, 'title': 2, 'body': 1, 'div': 158, 'a': 53, 'header': 1, 'img': 12, 'ul': 8, 'li': 31, 'svg': 9, 'path': 20, 'button': 1, 'g': 3, 'span': 14, 'h1': 1, 'p': 12, 'iframe': 1, 'section': 1, 'h2': 6, 'noscript': 5, 'h3': 4, 'footer': 1, 'form': 1, 'input': 6, 'select': 1, 'option': 251, 'style': 1}~0.141678~1~1~55~12~2~95~earth~1~13~10~12~1~0~12~8~53~15
https://earth.nullschool.net/~{'html': 1, 'head': 1, 'meta': 10, 'title': 1, 'script': 4, 'link': 13, 'style': 1, 'body': 1, 'div': 14, 'canvas': 6, 'svg': 1, 'p': 29, 'span': 86, 'a': 23, 'h1': 1, 'sub': 6, 'section': 4, 'h2': 2, 'ul': 9, 'li': 69, 'h3': 4}~0.159562~1~1~2~8~1~27~earth~1~10~4~0~0~0~29~13~23~16
https://phys.org/earth-news/~{'html': 1, 'body': 1, 'h1': 1}~0.212215~1~1~39~17~0~0~earth~1~0~0~0~0~0~0~0~0~24
https://www.thesaurus.com/browse/show~{'html': 1, 'head': 1, 'meta': 11, 'link': 9, 'title': 1, 'script': 20, 'style': 130, 'body': 1, 'noscript': 2, 'iframe': 1, 'div': 74, 'header': 1, 'nav': 2, 'ul': 19, 'li': 266, 'a': 276, 'button': 3, 'span': 265, 'img': 5, 'form': 1, 'label': 1, 'input': 1, 'main': 1, 'aside': 21, 'section': 17, 'h1': 1, 'audio': 2, 'source': 3, 'em': 11, 'strong': 7, 'p': 19, 'hr': 1, 'h2': 3, 'h3': 6, 'footer': 1}~0.136821~1~1~162~33~1~113~show~1~11~20~5~1~0~19~9~276~4
https://www.thesaurus.com/browse/showed~{'html': 1, 'head': 1, 'script': 21, 'meta': 11, 'link': 8, 'title': 1, 'style': 116, 'body': 1, 'noscript': 2, 'iframe': 1, 'div': 47, 'header': 1, 'nav': 2, 'ul': 12, 'li': 109, 'a': 113, 'button': 3, 'span': 96, 'img': 5, 'form': 1, 'label': 1, 'input': 1, 'main': 1, 'aside': 18, 'section': 7, 'h1': 1, 'audio': 2, 'source': 3, 'em': 8, 'strong': 4, 'p': 19, 'hr': 1, 'h2': 2, 'footer': 1}~0.114957~1~1~140~33~1~53~show~1~11~21~5~1~0~19~8~113~5
https://www.thesaurus.com/browse/appearance~{'html': 1, 'head': 1, 'meta': 11, 'link': 9, 'title': 1, 'script': 20, 'style': 131, 'body': 1, 'noscript': 2, 'iframe': 1, 'div': 73, 'header': 1, 'nav': 2, 'ul': 19, 'li': 191, 'a': 198, 'button': 2, 'span': 193, 'img': 5, 'form': 1, 'label': 1, 'input': 1, 'main': 1, 'aside': 21, 'section': 17, 'h1': 1, 'audio': 2, 'source': 3, 'em': 7, 'strong': 3, 'p': 18, 'hr': 1, 'h2': 3, 'h3': 6, 'footer': 1}~0.087935~1~1~161~-1~1~19~show~1~11~20~5~1~0~18~9~198~8
https://www.youtube.com/shows~{'html': 1, 'head': 1, 'style': 4, 'script': 16, 'link': 14, 'title': 1, 'meta': 3, 'body': 1, 'div': 408, 'form': 2, 'input': 3, 'button': 28, 'span': 712, 'a': 117, 'iframe': 1, 'img': 47, 'ul': 59, 'li': 88, 'hr': 3, 'h3': 40, 'p': 8, 'ol': 1, 'label': 2, 'h1': 1, 'h2': 6, 'b': 36}~0.378998~1~1~16~24~1~66~show~1~3~16~47~1~0~8~14~117~12
https://www.pbs.org/shows/~{'html': 1, 'head': 1, 'meta': 27, 'link': 19, 'title': 17, 'script': 11, 'body': 1, 'noscript': 1, 'iframe': 1, 'div': 54, 'a': 93, 'nav': 1, 'button': 12, 'span': 38, 'svg': 17, 'g': 7, 'path': 28, 'mask': 1, 'ul': 15, 'li': 84, 'form': 2, 'label': 2, 'input': 3, 'img': 5, 'p': 22, 'section': 5, 'circle': 1, 'h2': 4, 'br': 6, 'main': 1, 'header': 1, 'h1': 1, 'footer': 1, 'small': 1, 'strong': 3}~0.144635~1~1~17~20~17~92~show~1~27~11~5~1~0~22~19~93~13
https://nypost.com/2019/07/10/yankees-steal-the-show-at-the-all-star-game/~{'html': 1, 'head': 1, 'meta': 43, 'script': 100, 'style': 3, 'link': 64, 'noscript': 7, 'title': 5, 'body': 1, 'img': 19, 'a': 181, 'svg': 8, 'defs': 1, 'g': 4, 'path': 16, 'symbol': 2, 'div': 161, 'span': 79, 'p': 32, 'header': 3, 'nav': 1, 'button': 3, 'ul': 24, 'li': 131, 'form': 3, 'label': 7, 'input': 12, 'i': 3, 'use': 6, 'h3': 9, 'h1': 1, 'h4': 12, 'picture': 10, 'source': 20, 'textarea': 1, 'h2': 5, 'article': 2, 'h5': 4, 'br': 1, 'ol': 1, 'footer': 1, 'iframe': 1}~0.119154~1~1~11~48~5~90~show~1~43~100~19~1~0~32~64~181~15
https://www.today.com/~{'html': 1, 'head': 1, 'title': 1, 'meta': 39, 'link': 30, 'script': 12, 'body': 1, 'div': 656, 'p': 3, 'span': 220, 'a': 249, 'button': 21, 'nav': 2, 'ul': 16, 'li': 113, 'h2': 100, 'svg': 2, 'line': 4, 'section': 12, 'form': 3, 'label': 7, 'input': 7, 'h3': 12, 'picture': 13, 'source': 13, 'img': 13, 'article': 23, 'style': 1, 'footer': 1, 'textarea': 1}~0.157928~1~1~38~-1~1~73~show~0~39~12~13~0~0~3~30~249~16
https://www.jambase.com/shows~{'html': 1, 'head': 1, 'title': 1, 'body': 1, 'center': 2, 'h1': 1, 'hr': 1}~0.210823~1~1~55~24~1~0~show~1~0~0~0~0~0~0~0~0~17
https://www.vegas.com/shows/~{'html': 1, 'head': 1, 'script': 55, 'meta': 22, 'title': 1, 'link': 6, 'style': 7, 'body': 1, 'div': 483, 'noscript': 1, 'iframe': 1, 'a': 372, 'img': 22, 'ul': 19, 'li': 79, 'span': 108, 'form': 1, 'input': 1, 'button': 1, 'i': 2, 'section': 1, 'article': 1, 'h1': 2, 'p': 29, 'nav': 1, 'h3': 25, 'h2': 11, 'strong': 23, 'h4': 2, 'h5': 8, 'b': 1, 'table': 1, 'tr': 119, 'td': 227}~0.409809~1~1~162~22~1~679~show~2~22~55~22~1~0~29~6~372~23
https://www.thesaurus.com/browse/pull~{'html': 1, 'head': 1, 'meta': 11, 'link': 9, 'title': 1, 'script': 20, 'style': 130, 'body': 1, 'noscript': 2, 'iframe': 1, 'div': 73, 'header': 1, 'nav': 2, 'ul': 19, 'li': 333, 'a': 339, 'button': 2, 'span': 351, 'img': 5, 'form': 1, 'label': 1, 'input': 1, 'main': 1, 'aside': 21, 'section': 17, 'h1': 1, 'audio': 2, 'source': 3, 'em': 6, 'strong': 2, 'p': 22, 'hr': 1, 'h2': 3, 'h3': 6, 'footer': 1}~0.107453~1~1~164~33~1~140~pull~1~11~20~5~1~0~22~9~339~6
https://www.pullandbear.com/~{'html': 1, 'head': 1, 'meta': 7, 'title': 1, 'link': 567, 'script': 33, 'style': 5, 'body': 1, 'div': 1, 'span': 1, 'noscript': 2, 'iframe': 1, 'ul': 1, 'li': 558, 'a': 558}~0.162987~1~1~2~12~1~1165~pull~0~7~33~0~1~0~0~567~558~10
https://www.topknobs.com/products/pulls.html~{'html': 1, 'head': 1, 'meta': 6, 'title': 1, 'link': 8, 'script': 23, 'noscript': 2, 'img': 86, 'body': 1, 'div': 178, 'p': 18, 'strong': 5, 'br': 24, 'style': 10, 'header': 1, 'button': 15, 'span': 217, 'a': 412, 'label': 23, 'select': 13, 'option': 73, 'form': 14, 'input': 26, 'ul': 31, 'li': 393, 'ol': 13, 'h3': 3, 'h2': 12, 'footer': 1, 'i': 5, 'h1': 1, 'sup': 1}~0.272259~1~1~1~34~1~398~pull~1~6~23~86~0~0~18~8~412~12
http://www.pauseable.com/~{'html': 1, 'head': 1, 'script': 28, 'meta': 4, 'title': 1, 'link': 25, 'style': 1, 'body': 1, 'div': 99, 'a': 52, 'img': 58, 'ul': 13, 'li': 51, 'h2': 8, 'p': 15, 'br': 3, 'h3': 15, 'h4': 19, 'span': 5, 'h5': 7, 'form': 1, 'input': 8, 'textarea': 1}~0.463122~0~1~20~11~1~213~pause~0~4~28~58~0~0~15~25~52~10
https://pause.perl.org/pause/query~{'html': 1, 'head': 1, 'meta': 2, 'title': 1, 'link': 3, 'body': 1, 'header': 1, 'div': 7, 'h1': 1, 'a': 13, 'img': 1, 'nav': 1, 'p': 14, 'b': 37, 'form': 1, 'input': 1, 'main': 1, 'h2': 1, 'table': 2, 'tr': 37, 'td': 106, 'th': 3}~0.259312~1~1~10~8~1~60~pause~1~2~0~1~0~0~14~3~13~17
https://greensock.com/docs/TweenMax/pause~{'html': 1, 'head': 1, 'meta': 6, 'link': 15, 'script': 30, 'style': 1, 'body': 1, 'div': 224, 'a': 75, 'img': 136, 'svg': 14, 'g': 46, 'rect': 5, 'input': 7, 'path': 20, 'polyline': 5, 'h3': 7, 'h1': 12, 'p': 28, 'h2': 14, 'line': 2, 'span': 6, 'h4': 1, 'ul': 5, 'li': 6, 'pre': 1, 'label': 3, 'select': 1, 'br': 24}~0.367547~1~1~229~36~0~0~pause~12~6~30~136~0~0~28~15~75~20
https://www.webtoons.com/en/~{'html': 1, 'head': 1, 'title': 1, 'meta': 10, 'link': 6, 'script': 37, 'noscript': 1, 'img': 102, 'body': 1, 'div': 455, 'a': 166, 'span': 236, 'h1': 1, 'p': 433, 'form': 1, 'input': 7, 'label': 2, 'ul': 22, 'li': 138, 'em': 76, 'button': 2, 'hr': 3, 'h2': 6, 'h3': 128, 'br': 1}~0.663953~1~1~10~-1~1~110~line~1~10~37~102~0~0~433~6~166~18
https://developer.chrome.com/apps/themes~{'html': 1, 'head': 1, 'meta': 7, 'link': 5, 'script': 7, 'title': 1, 'body': 1, 'div': 9, 'a': 383, 'header': 1, 'img': 6, 'span': 8, 'nav': 4, 'ul': 50, 'li': 383, 'style': 1, 'form': 1, 'input': 3, 'gcse:searchresults-only': 1, 'main': 1, 'article': 1, 'section': 2, 'ol': 51, 'h3': 5, 'p': 11, 'b': 5, 'h1': 1, 'em': 8, 'h2': 1, 'code': 6, 'pre': 1, 'footer': 2}~1.007414~1~1~15~34~1~32~theme~1~7~7~6~0~0~11~5~383~5
https://www.drupal.org/project/project_theme~{'html': 1, 'head': 1, 'meta': 4, 'link': 24, 'script': 17, 'title': 1, 'body': 1, 'div': 318, 'a': 354, 'img': 36, 'nav': 1, 'ul': 61, 'li': 283, 'form': 2, 'h2': 38, 'label': 9, 'input': 6, 'h1': 1, 'h3': 23, 'select': 7, 'option': 39, 'p': 90, 'time': 50, 'blockquote': 4, 'br': 11, 'code': 1, 'strong': 62, 'em': 5, 'span': 77, 'table': 1, 'tr': 3, 'th': 9, 'td': 12, 'b': 2, 'h4': 5, 'noscript': 1}~0.124942~1~1~1~39~1~292~theme~1~4~17~36~0~0~90~24~354~10
https://www.weebly.com/themes~{'html': 1, 'head': 1, 'script': 18, 'meta': 4, 'title': 1, 'link': 8, 'style': 1, 'body': 1, 'div': 70, 'a': 88, 'span': 7, 'strong': 1, 'nav': 10, 'img': 4, 'svg': 7, 'defs': 2, 'g': 35, 'path': 10, 'ul': 3, 'li': 26, 'h1': 1, 'main': 1, 'h2': 1, 'form': 2, 'h3': 2, 'p': 2, 'label': 7, 'input': 14, 'symbol': 9, 'mask': 1, 'use': 7, 'section': 1, 'footer': 1, 'h4': 5}~1.124422~1~1~19~23~1~3066~theme~1~4~18~4~0~0~2~8~88~15
https://en.support.wordpress.com/themes/~{'html': 1, 'head': 1, 'meta': 42, 'link': 43, 'title': 1, 'script': 22, 'style': 3, 'body': 1, 'header': 1, 'div': 59, 'h1': 1, 'a': 154, 'span': 6, 'nav': 1, 'ul': 14, 'li': 123, 'h2': 3, 'form': 3, 'input': 20, 'h3': 2, 'h5': 7, 'p': 69, 'br': 14, 'hr': 15, 'h4': 30, 'figure': 16, 'img': 20, 'figcaption': 2, 'ol': 6, 'em': 20, 'strong': 26, 'blockquote': 6, 'label': 4, 'small': 3, 'textarea': 2, 'select': 1, 'noscript': 1}~0.444268~1~1~18~33~1~442~theme~1~42~22~20~0~0~69~43~154~16
https://edhrec.com/themes~{'html': 1, 'head': 1, 'meta': 4, 'title': 1, 'link': 10, 'body': 1, 'div': 30, 'nav': 1, 'button': 3, 'span': 4, 'a': 102, 'img': 96, 'form': 2, 'input': 2, 'i': 3, 'ul': 15, 'li': 99, 'b': 8, 'h2': 1, 'h3': 4, 'script': 12}~0.141105~1~1~100~19~1~83~theme~0~4~12~96~0~0~0~10~102~24
https://brave.com/~{'html': 1, 'head': 1, 'meta': 22, 'link': 24, 'script': 22, 'title': 1, 'style': 8, 'body': 1, 'div': 127, 'header': 1, 'span': 37, 'a': 299, 'img': 16, 'nav': 1, 'ul': 6, 'li': 248, 'form': 2, 'input': 3, 'article': 1, 'section': 1, 'h1': 1, 'noscript': 2, 'h2': 7, 'h6': 1, 'h4': 13, 'p': 39, 'br': 4, 'h5': 7, 'footer': 1}~1.166247~1~1~17~8~1~475~brave~1~22~22~16~0~0~39~24~299~0
https://brave.com/download/~{'html': 1, 'head': 1, 'meta': 23, 'link': 24, 'script': 21, 'title': 1, 'style': 9, 'body': 1, 'div': 119, 'header': 1, 'span': 31, 'a': 300, 'img': 11, 'nav': 1, 'ul': 6, 'li': 248, 'form': 2, 'input': 3, 'article': 1, 'noscript': 2, 'h3': 1, 'h1': 1, 'p': 38, 'h4': 11, 'h2': 3, 'h5': 7, 'br': 3, 'footer': 1}~0.098822~1~1~10~8~1~472~brave~1~23~21~11~0~0~38~24~300~1
https://store.brave.com/~{'html': 1, 'head': 1, 'meta': 17, 'title': 4, 'link': 3, 'script': 9, 'body': 1, 'div': 81, 'a': 70, 'span': 31, 'header': 1, 'form': 2, 'input': 6, 'img': 37, 'select': 2, 'option': 4, 'nav': 1, 'ul': 2, 'li': 7, 'noscript': 18, 'p': 44, 'h3': 18, 'h4': 4, 'figure': 16, 'footer': 1, 'strong': 1, 'svg': 4, 'path': 11, 'br': 1, 'h2': 1}~0.209186~1~1~28~14~4~127~brave~0~17~9~37~0~0~44~3~70~3
https://www.amazon.com/Brave-Kelly-MacDonald/dp/B009D5VNLS~{'html': 1, 'head': 1, 'script': 8, 'meta': 5, 'link': 18, 'title': 1, 'body': 1, 'div': 1, 'style': 1, 'img': 1}~0.765107~1~1~190~23~1~63~brave~0~5~8~1~0~0~0~18~0~17
https://www.amazon.com/Brave-Kelly-MacDonald/dp/B008YWY0HK~{'html': 1, 'head': 1, 'script': 14, 'meta': 6, 'link': 8, 'style': 5, 'title': 1, 'body': 1, 'div': 1, 'img': 1}~0.110849~1~1~500~23~1~106~brave~0~6~14~1~0~0~0~8~0~18
https://garagemca.org/en~{'html': 1, 'head': 1, 'title': 1, 'meta': 15, 'link': 11, 'script': 5, 'body': 1, 'section': 8, 'div': 191, 'header': 2, 'a': 122, 'i': 29, 'nav': 3, 'ul': 20, 'li': 101, 'span': 159, 'svg': 1, 'path': 1, 'button': 6, 'video': 2, 'h2': 1, 'footer': 2, 'h1': 1, 'em': 7, 'h3': 1, 'p': 5, 'form': 1, 'input': 1, 'h4': 7, 'br': 1, 'noscript': 1, 'iframe': 1}~1.561293~1~1~13~8~1~854~garage~1~15~5~0~1~2~5~11~122~14
https://www.ballarddoors.com/~{'html': 1, 'head': 1, 'script': 21, 'title': 1, 'meta': 13, 'link': 5, 'style': 2, 'body': 1, 'div': 84, 'span': 56, 'strong': 10, 'a': 29, 'table': 7, 'tr': 7, 'td': 17, 'ul': 3, 'li': 13, 'h2': 4, 'font': 16, 'br': 45, 'img': 6, 'hr': 3, 'tbody': 5}~0.548116~1~1~26~-1~1~57~garage~0~13~21~6~0~0~0~5~29~17
https://www.amazon.com/gp/your-garage/~{'html': 1, 'head': 1, 'script': 8, 'meta': 4, 'link': 7, 'style': 1, 'title': 1, 'body': 1, 'div': 1, 'img': 1}~0.186034~1~1~51~31~1~25~garage~0~4~8~1~0~0~0~7~0~23
https://knowyourmeme.com/memes/loss~{'html': 1, 'head': 1, 'title': 1, 'body': 1, 'center': 2, 'h1': 1, 'hr': 1}~0.362832~1~1~65~31~1~0~loss~1~0~0~0~0~0~0~0~0~0
https://knowyourmeme.com/memes/loss/photos~{'html': 1, 'head': 1, 'title': 1, 'body': 1, 'center': 2, 'h1': 1, 'hr': 1}~0.341683~1~1~50~31~1~0~loss~1~0~0~0~0~0~0~0~0~1
https://knowyourmeme.com/photos/143193-loss~{'html': 1, 'head': 1, 'title': 1, 'body': 1, 'center': 2, 'h1': 1, 'hr': 1}~0.339122~1~1~35~39~1~0~loss~1~0~0~0~0~0~0~0~0~2
https://knowyourmeme.com/photos/214976-loss~{'html': 1, 'head': 1, 'title': 1, 'body': 1, 'center': 2, 'h1': 1, 'hr': 1}~0.350364~1~1~35~39~1~0~loss~1~0~0~0~0~0~0~0~0~3
https://www.thesaurus.com/browse/loss~{'html': 1, 'head': 1, 'meta': 11, 'link': 9, 'title': 1, 'script': 20, 'style': 129, 'body': 1, 'noscript': 2, 'iframe': 1, 'div': 76, 'header': 1, 'nav': 2, 'ul': 19, 'li': 236, 'a': 243, 'button': 2, 'span': 237, 'img': 5, 'form': 1, 'label': 1, 'input': 1, 'main': 1, 'aside': 21, 'section': 17, 'h1': 1, 'audio': 2, 'source': 3, 'em': 5, 'strong': 1, 'p': 18, 'hr': 1, 'h2': 3, 'h3': 6, 'footer': 1}~0.255672~1~1~159~33~1~93~loss~1~11~20~5~1~0~18~9~243~15
https://thecycle.game/~{'html': 1, 'head': 1, 'meta': 27, 'script': 38, 'title': 1, 'link': 36, 'style': 13, 'noscript': 3, 'body': 1, 'div': 127, 'form': 1, 'input': 2, 'span': 42, 'a': 114, 'header': 1, 'img': 21, 'i': 32, 'nav': 1, 'ul': 19, 'li': 79, 'video': 1, 'source': 1, 'h3': 5, 'p': 6, 'strong': 1, 'button': 1, 'svg': 1, 'path': 2, 'h4': 1, 'label': 1}~0.566212~1~1~6~11~1~255~cycle~0~27~38~21~0~1~6~36~114~18
https://www.soul-cycle.com/~{'html': 1, 'head': 1, 'meta': 5, 'link': 8, 'style': 1, 'title': 4, 'script': 9, 'body': 1, 'div': 74, 'a': 37, 'svg': 15, 'path': 15, 'nav': 1, 'ul': 6, 'li': 22, 'span': 6, 'button': 6, 'img': 3, 'h1': 1, 'h2': 1, 'p': 4, 'h4': 3}~0.482529~1~1~25~17~4~59~cycle~1~5~9~3~0~0~4~8~37~20
http://weartv.com/~{'html': 1, 'head': 1, 'title': 1, 'meta': 29, 'script': 20, 'link': 4, 'style': 1, 'body': 1, 'div': 513, 'header': 1, 'button': 3, 'span': 3, 'a': 167, 'img': 9, 'ul': 26, 'form': 2, 'input': 2, 'li': 81, 'h2': 12, 'p': 10, 'svg': 1, 'g': 4, 'path': 1, 'footer': 1}~0.214952~0~1~91~7~1~146~wear~0~29~20~9~0~0~10~4~167~5
http://weartv.com/news/local~{'html': 1, 'head': 1, 'title': 1, 'meta': 29, 'script': 48, 'link': 7, 'style': 1, 'noscript': 1, 'iframe': 1, 'body': 1, 'div': 105, 'header': 5, 'h3': 4, 'article': 4, 'section': 1, 'a': 25, 'img': 18, 'p': 7, 'aside': 2, 'ul': 3, 'li': 14, 'span': 14, 'i': 2, 'picture': 5, 'source': 5, 'h4': 5, 'h5': 1}~0.281034~0~1~8~7~1~397~wear~0~29~48~18~1~0~7~7~25~6
http://weartv.com/weather/radar~{'html': 1, 'head': 1, 'title': 1, 'meta': 29, 'script': 43, 'link': 7, 'style': 1, 'noscript': 1, 'iframe': 1, 'body': 1, 'div': 59, 'header': 2, 'h3': 2, 'wx-widget': 1, 'ul': 1, 'li': 4, 'a': 4, 'i': 4}~0.178864~0~1~8~7~1~436~wear~0~29~43~0~1~0~0~7~4~7
https://weartv.com/weather~{'html': 1, 'head': 1, 'title': 1, 'meta': 29, 'script': 50, 'link': 7, 'style': 1, 'noscript': 1, 'iframe': 1, 'body': 1, 'div': 502, 'input': 2, 'a': 7, 'i': 288, 'span': 144, 'button': 14, 'table': 54, 'tr': 128, 'td': 326, 'header': 4, 'h3': 6, 'img': 1, 'wx-widget': 1, 'hr': 1, 'p': 3, 'br': 1, 'h4': 1, 'ul': 1, 'li': 4}~0.198734~1~1~8~8~1~928~wear~0~29~50~1~1~0~3~7~7~8
https://www.whowhatwear.com/~{'html': 1, 'head': 1, 'meta': 22, 'link': 21, 'title': 1, 'script': 8, 'style': 1, 'body': 1, 'noscript': 1, 'iframe': 1, 'main': 1, 'div': 241, 'section': 6, 'a': 87, 'img': 50, 'ul': 37, 'li': 78, 'object': 35, 'time': 35, 'h2': 6, 'p': 1}~0.143689~1~1~164~19~1~61~wear~0~22~8~50~1~0~1~21~87~18
https://www.thesaurus.com/browse/pack~{'html': 1, 'head': 1, 'meta': 11, 'link': 9, 'title': 1, 'script': 20, 'style': 126, 'body': 1, 'noscript': 2, 'iframe': 1, 'div': 72, 'header': 1, 'nav': 2, 'ul': 18, 'li': 242, 'a': 251, 'button': 3, 'span': 237, 'img': 5, 'form': 1, 'label': 1, 'input': 1, 'main': 1, 'aside': 21, 'section': 16, 'h1': 1, 'audio': 2, 'source': 3, 'em': 8, 'strong': 5, 'p': 18, 'h2': 3, 'h3': 6, 'footer': 1}~0.170308~1~1~156~33~1~129~pack~1~11~20~5~1~0~18~9~251~10
https://packstavern.com/~{'html': 1, 'head': 1, 'meta': 16, 'title': 1, 'link': 19, 'script': 18, 'style': 1, 'body': 1, 'div': 197, 'a': 78, 'ul': 17, 'li': 53, 'i': 6, 'form': 2, 'input': 2, 'img': 22, 'span': 10, 'p': 17, 'br': 6, 'h6': 1, 'h1': 1, 'h3': 5, 'aside': 1, 'strong': 2, 'hr': 1}~0.38048~1~1~42~8~1~182~pack~1~16~18~22~0~0~17~19~78~11
https://www.osprey.com/us/en/category/backpacks/~{'html': 1, 'head': 1, 'meta': 1, 'script': 1, 'body': 1}~0.143499~1~1~20~42~0~0~pack~0~1~1~0~0~0~0~0~0~16
https://www.boonechamber.com/members/~{'html': 1, 'head': 1, 'meta': 3, 'link': 5, 'title': 1, 'script': 8, 'body': 1, 'a': 268, 'span': 125, 'strong': 13, 'div': 161, 'input': 2, 'img': 8, 'ul': 12, 'li': 200, 'h1': 1, 'h3': 4, 'label': 3, 'select': 3, 'option': 152, 'br': 17, 'i': 1, 'footer': 1, 'h4': 4, 'p': 7, 'h5': 1}~0.567998~1~1~9~-1~1~14~business~1~3~8~8~0~0~7~5~268~6
https://www.thesaurus.com/browse/second~{'html': 1, 'head': 1, 'meta': 11, 'link': 9, 'title': 1, 'script': 20, 'style': 129, 'body': 1, 'noscript': 2, 'iframe': 1, 'div': 74, 'header': 1, 'nav': 2, 'ul': 19, 'li': 209, 'a': 220, 'button': 3, 'span': 205, 'img': 5, 'form': 1, 'label': 1, 'input': 1, 'main': 1, 'aside': 21, 'section': 17, 'h1': 1, 'audio': 2, 'source': 3, 'em': 8, 'strong': 4, 'p': 18, 'hr': 1, 'h2': 3, 'h3': 6, 'footer': 1}~0.161974~1~1~160~33~1~101~second~1~11~20~5~1~0~18~9~220~16
https://mode.com/~{'html': 1, 'head': 1, 'meta': 14, 'link': 19, 'title': 1, 'script': 11, 'body': 1, 'div': 154, 'a': 102, 'hr': 5, 'img': 44, 'p': 65, 'button': 3, 'span': 5, 'nav': 1, 'h1': 2, 'h2': 15, 'h3': 1, 'form': 1, 'input': 1, 'video': 1, 'br': 10, 'h4': 15}~0.135625~1~1~31~8~1~72~mode~2~14~11~44~0~1~65~19~102~2
https://mode.com/careers/~{'html': 1, 'head': 1, 'meta': 14, 'link': 19, 'title': 1, 'script': 9, 'body': 1, 'div': 149, 'a': 128, 'hr': 5, 'img': 22, 'p': 87, 'button': 1, 'span': 4, 'nav': 2, 'h1': 2, 'h2': 11, 'ul': 1, 'li': 4, 'h4': 18, 'h3': 4, 'br': 1}~0.099841~1~1~43~8~1~93~mode~2~14~9~22~0~0~87~19~128~5
https://www.purplemath.com/modules/meanmode.htm~{'html': 1, 'head': 1, 'title': 1, 'meta': 13, 'base': 1, 'link': 6, 'script': 36, 'style': 1, 'body': 1, 'div': 98, 'a': 99, 'ins': 14, 'i': 9, 'img': 8, 'ul': 20, 'li': 88, 'span': 59, 'small': 2, 'em': 11, 'h3': 4, 'form': 1, 'input': 7, 'label': 1, 'h1': 1, 'h2': 2, 'p': 60, 'hr': 8, 'h4': 10, 'br': 11, 'iframe': 1}~0.208753~1~1~5~39~1~30~mode~1~13~36~8~1~0~60~6~99~14
https://ccp.edu/~{'html': 1, 'head': 1, 'script': 19, 'meta': 14, 'link': 11, 'title': 1, 'body': 1, 'noscript': 1, 'iframe': 1, 'p': 27, 'a': 176, 'div': 178, 'header': 1, 'ul': 30, 'li': 150, 'form': 1, 'input': 2, 'img': 12, 'hgroup': 1, 'h1': 1, 'span': 23, 'h3': 20, 'style': 1, 'video': 1, 'source': 3, 'br': 8, 'article': 1, 'h2': 3, 'h4': 1, 'strong': 10, 'footer': 1}~0.136326~1~1~28~-1~1~63~community~1~14~19~12~1~1~27~11~176~17
https://www.ccd.edu/~{'html': 1, 'meta': 15, 'head': 1, 'title': 1, 'link': 12, 'script': 18, 'body': 1, 'noscript': 2, 'iframe': 1, 'a': 415, 'img': 36, 'div': 519, 'header': 1, 'i': 23, 'ul': 35, 'li': 232, 'span': 163, 'h2': 37, 'p': 164, 'br': 23, 'h3': 3, 'form': 1, 'label': 1, 'input': 2, 'em': 1, 'footer': 1, 'nav': 3}~0.185539~1~1~225~-1~1~45~community~0~15~18~36~1~0~164~12~415~18
https://www.ccaurora.edu/~{'html': 1, 'head': 1, 'meta': 12, 'script': 9, 'link': 20, 'title': 1, 'body': 1, 'a': 355, 'div': 372, 'header': 1, 'img': 29, 'ul': 65, 'li': 301, 'form': 2, 'label': 2, 'input': 2, 'span': 95, 'button': 3, 'nav': 3, 'h2': 16, 'i': 14, 'p': 17, 'h4': 14, 'ol': 1, 'section': 12, 'h1': 3, 'h3': 12, 'br': 38, 'strong': 9}~0.190699~1~1~46~-1~1~74~community~3~12~9~29~0~0~17~20~355~19
https://www.thesaurus.com/browse/harm~{'html': 1, 'head': 1, 'meta': 11, 'link': 9, 'title': 1, 'script': 20, 'style': 129, 'body': 1, 'noscript': 2, 'iframe': 1, 'div': 73, 'header': 1, 'nav': 2, 'ul': 19, 'li': 314, 'a': 323, 'button': 2, 'span': 312, 'img': 5, 'form': 1, 'label': 1, 'input': 1, 'main': 1, 'aside': 21, 'section': 17, 'h1': 1, 'audio': 2, 'source': 3, 'em': 6, 'strong': 2, 'p': 18, 'hr': 1, 'h2': 3, 'h3': 6, 'footer': 1}~0.134272~1~1~159~33~1~96~harm~1~11~20~5~1~0~18~9~323~1
http://whatstheharm.net/~{'html': 1, 'head': 1, 'title': 1, 'meta': 1, 'link': 6, 'body': 1, 'table': 2, 'tr': 3, 'td': 6, 'a': 87, 'img': 2, 'h4': 11, 'hr': 4, 'br': 75, 'form': 1, 'input': 6, 'script': 5, 'center': 1, 'cite': 1, 'p': 9, 'h2': 8, 'u': 1}~0.117485~0~1~32~15~1~14~harm~0~1~5~2~0~0~9~6~87~17
https://noharm.org/~{'html': 1, 'head': 1, 'meta': 7, 'link': 11, 'title': 1, 'script': 11, 'body': 1, 'p': 30, 'a': 32, 'div': 59, 'img': 13, 'h1': 1, 'span': 12, 'table': 1, 'tbody': 1, 'tr': 1, 'td': 7, 'ul': 3, 'li': 9, 'h3': 5, 'h4': 5, 'strong': 2, 'label': 1, 'select': 1, 'option': 7}~0.642454~1~1~7~10~1~68~harm~1~7~11~13~0~0~30~11~32~24
https://www.gotspare.com/~{'html': 1, 'head': 1, 'script': 14, 'meta': 7, 'title': 1, 'link': 9, 'style': 1, 'body': 1, 'nav': 1, 'div': 122, 'a': 19, 'img': 19, 'ul': 2, 'li': 6, 'h1': 4, 'br': 31, 'p': 15, 'span': 8, 'form': 3, 'input': 18, 'h2': 6, 'b': 5, 'h3': 9, 'h5': 2, 'button': 3, 'iframe': 3, 'strong': 1, 'select': 2, 'option': 308, 'label': 1, 'footer': 1}~0.313154~1~1~90~15~1~23~spare~4~7~14~19~3~0~15~9~19~0
https://www.producthunt.com/posts/spare-4~{'html': 1, 'head': 1, 'title': 1, 'link': 10, 'meta': 20, 'script': 9, 'style': 2, 'noscript': 1, 'body': 1, 'div': 219, 'a': 60, 'svg': 17, 'g': 4, 'path': 21, 'form': 2, 'label': 2, 'span': 60, 'input': 1, 'button': 9, 'nav': 1, 'ul': 1, 'li': 17, 'main': 1, 'ol': 2, 'h1': 1, 'h2': 9, 'section': 2, 'time': 4, 'img': 10, 'textarea': 1, 'aside': 1, 'ellipse': 1, 'hr': 1}~1.072774~1~1~17~34~1~110~spare~1~20~9~10~0~0~0~10~60~2
https://www.sparesnacks.com/~{'html': 1, 'head': 1, 'meta': 23, 'base': 1, 'title': 1, 'link': 6, 'script': 20, 'noscript': 16, 'img': 33, 'style': 2, 'body': 1, 'div': 195, 'a': 39, 'button': 3, 'svg': 29, 'use': 51, 'span': 11, 'nav': 8, 'header': 2, 'form': 2, 'input': 5, 'main': 1, 'section': 3, 'p': 10, 'fieldset': 1, 'legend': 1, 'label': 3, 'footer': 1, 'h3': 1, 'symbol': 8, 'path': 8}~1.100237~1~1~15~12~1~63~spare~0~23~20~33~0~0~10~6~39~11
https://app.spare5.com/~{'html': 1, 'head': 1, 'meta': 5, 'script': 8, 'title': 1, 'link': 1, 'body': 1, 'div': 19, 'img': 1, 'h2': 1, 'h4': 1, 'a': 9, 'i': 5, 'span': 1, 'p': 7, 'button': 2, 'form': 1, 'input': 6, 'label': 1, 'noscript': 1, 'iframe': 1, 'textarea': 1}~0.104159~1~1~7~12~1~4~spare~0~5~8~1~1~0~7~1~9~17
https://www.thesaurus.com/browse/spare~{'html': 1, 'head': 1, 'meta': 11, 'link': 9, 'title': 1, 'script': 20, 'style': 131, 'body': 1, 'noscript': 2, 'iframe': 1, 'div': 74, 'header': 1, 'nav': 2, 'ul': 19, 'li': 229, 'a': 236, 'button': 3, 'span': 227, 'img': 5, 'form': 1, 'label': 1, 'input': 1, 'main': 1, 'aside': 21, 'section': 17, 'h1': 1, 'audio': 2, 'source': 3, 'em': 8, 'strong': 4, 'p': 18, 'hr': 1, 'h2': 3, 'h3': 6, 'footer': 1}~0.174581~1~1~162~33~1~97~spare~1~11~20~5~1~0~18~9~236~21
https://www.sparelabs.com/~{'html': 1, 'head': 1, 'script': 5, 'meta': 21, 'link': 4, 'title': 1, 'body': 1, 'noscript': 1, 'div': 1}~0.226348~1~1~6~12~1~7~spare~0~21~5~0~0~0~0~4~0~22
https://osu.ppy.sh/u/2204373~{'html': 1, 'head': 1, 'link': 9, 'meta': 11, 'script': 19, 'title': 1, 'body': 1, 'div': 119, 'a': 109, 'span': 148, 'button': 39, 'i': 71, 'ul': 8, 'li': 63, 'img': 30, 'form': 1, 'input': 3, 'h2': 2, 'footer': 1, 'audio': 1}~3.043002~1~1~7~-1~1~45~spare~0~11~19~30~0~0~0~9~109~23
http://www.nber.org/papers/w20863~{'html': 1, 'head': 1, 'title': 1, 'meta': 20, 'script': 4, 'link': 3, 'style': 1, 'body': 1, 'div': 95, 'a': 149, 'img': 23, 'form': 4, 'input': 34, 'select': 1, 'option': 4, 'table': 8, 'tr': 15, 'td': 30, 'h1': 1, 'h2': 21, 'p': 13, 'b': 25, 'br': 95, 'small': 1, 'span': 10, 'h6': 1, 'center': 2, 'h3': 1, 'i': 10, 'font': 1}~1.962244~0~1~38~-1~1~5~spare~1~20~4~23~0~0~13~3~149~24
https://www.boonechamber.com/members/~{'html': 1, 'head': 1, 'meta': 3, 'link': 5, 'title': 1, 'script': 8, 'body': 1, 'a': 268, 'span': 125, 'strong': 13, 'div': 161, 'input': 2, 'img': 8, 'ul': 12, 'li': 200, 'h1': 1, 'h3': 4, 'label': 3, 'select': 3, 'option': 152, 'br': 17, 'i': 1, 'footer': 1, 'h4': 4, 'p': 7, 'h5': 1}~0.567998~1~1~9~-1~1~14~business~1~3~8~8~0~0~7~5~268~6
https://www.globalstar.com/en-us/products/spot~{'html': 1, 'head': 1, 'meta': 5, 'title': 1, 'script': 19, 'link': 14, 'body': 1, 'noscript': 1, 'iframe': 1, 'div': 77, 'form': 1, 'input': 7, 'main': 1, 'section': 4, 'ul': 19, 'li': 72, 'a': 96, 'span': 20, 'img': 14, 'button': 3, 'p': 16, 'label': 1, 'nav': 2, 'h4': 1, 'h2': 10, 'br': 12, 'h3': 11, 'strong': 1, 'footer': 1}~0.426598~1~1~47~42~1~49~spot~0~5~19~14~1~0~16~14~96~10
https://spot.com/~{'html': 1, 'head': 1, 'meta': 29, 'title': 1, 'link': 25, 'script': 9, 'style': 1, 'body': 1, 'div': 2, 'svg': 1, 'g': 5, 'path': 5}~0.113133~1~1~22~8~1~19~spot~0~29~9~0~0~0~0~25~0~12
https://www.thesaurus.com/browse/spot~{'html': 1, 'head': 1, 'meta': 11, 'link': 9, 'title': 1, 'script': 20, 'style': 130, 'body': 1, 'noscript': 2, 'iframe': 1, 'div': 72, 'header': 1, 'nav': 2, 'ul': 19, 'li': 305, 'a': 314, 'button': 3, 'span': 287, 'img': 5, 'form': 1, 'label': 1, 'input': 1, 'main': 1, 'aside': 21, 'section': 17, 'h1': 1, 'audio': 2, 'source': 3, 'em': 10, 'strong': 6, 'p': 17, 'hr': 1, 'h2': 2, 'h3': 6, 'footer': 1}~0.160168~1~1~160~33~1~106~spot~1~11~20~5~1~0~17~9~314~24
https://www.thesaurus.com/browse/block~{'html': 1, 'head': 1, 'script': 21, 'meta': 11, 'link': 9, 'title': 1, 'style': 128, 'body': 1, 'noscript': 2, 'iframe': 1, 'div': 73, 'header': 1, 'nav': 2, 'ul': 19, 'li': 207, 'a': 217, 'button': 2, 'span': 202, 'img': 5, 'form': 1, 'label': 1, 'input': 1, 'main': 1, 'aside': 21, 'section': 17, 'h1': 1, 'audio': 2, 'source': 3, 'em': 7, 'strong': 3, 'p': 19, 'hr': 1, 'h2': 3, 'h3': 6, 'footer': 1}~0.11977~1~1~159~33~1~171~block~1~11~21~5~1~0~19~9~217~12
https://www.thesaurus.com/browse/taste~{'html': 1, 'head': 1, 'meta': 11, 'link': 9, 'title': 1, 'script': 20, 'style': 132, 'body': 1, 'noscript': 2, 'iframe': 1, 'div': 74, 'header': 1, 'nav': 2, 'ul': 19, 'li': 269, 'a': 279, 'button': 3, 'span': 262, 'img': 5, 'form': 1, 'label': 1, 'input': 1, 'main': 1, 'aside': 21, 'section': 17, 'h1': 1, 'audio': 2, 'source': 3, 'em': 11, 'strong': 7, 'p': 19, 'hr': 1, 'h2': 3, 'h3': 6, 'footer': 1}~0.195501~1~1~164~33~1~120~taste~1~11~20~5~1~0~19~9~279~21
http://www.equal.com/~{'html': 1, 'head': 1, 'meta': 16, 'link': 18, 'title': 1, 'script': 24, 'style': 4, 'body': 1, 'noscript': 2, 'iframe': 1, 'div': 89, 'a': 73, 'img': 41, 'ul': 7, 'li': 38, 'span': 50, 'footer': 1, 'form': 1, 'input': 7, 'p': 1}~0.377581~0~1~32~11~1~168~equal~0~16~24~41~1~0~1~18~73~0
http://www.equal.com/products/~{'html': 1, 'head': 1, 'meta': 31, 'link': 18, 'title': 1, 'script': 20, 'style': 4, 'body': 1, 'noscript': 1, 'iframe': 1, 'div': 124, 'a': 77, 'img': 18, 'ul': 6, 'li': 26, 'span': 34, 'h2': 15, 'p': 26, 'br': 14, 'strong': 4, 'footer': 1, 'form': 1, 'input': 7}~0.322465~0~1~13~11~1~206~equal~0~31~20~18~1~0~26~18~77~4
https://www.thesaurus.com/browse/equal~{'html': 1, 'head': 1, 'meta': 11, 'link': 9, 'title': 1, 'script': 20, 'style': 132, 'body': 1, 'noscript': 2, 'iframe': 1, 'div': 74, 'header': 1, 'nav': 2, 'ul': 19, 'li': 246, 'a': 253, 'button': 3, 'span': 242, 'img': 5, 'form': 1, 'label': 1, 'input': 1, 'main': 1, 'aside': 21, 'section': 17, 'h1': 1, 'audio': 2, 'source': 3, 'em': 8, 'strong': 4, 'p': 18, 'hr': 1, 'h2': 3, 'h3': 6, 'footer': 1}~0.122455~1~1~163~33~1~110~equal~1~11~20~5~1~0~18~9~253~7
https://www.lookcycle.com/en/~{'html': 1, 'head': 1, 'meta': 19, 'link': 22, 'script': 22, 'title': 1, 'style': 8, 'noscript': 2, 'body': 1, 'iframe': 1, 'div': 104, 'a': 91, 'header': 1, 'img': 1, 'nav': 4, 'ul': 12, 'li': 66, 'form': 2, 'input': 3, 'main': 1, 'h2': 3, 'h4': 7, 'span': 40, 'h5': 9, 'p': 8, 'h3': 1, 'label': 1, 'footer': 1}~1.099272~1~1~28~12~1~192~look~0~19~22~1~1~0~8~22~91~1
https://www.lookcycle.com/en/road-pedals/~{'html': 1, 'head': 1, 'meta': 13, 'link': 25, 'script': 24, 'title': 1, 'style': 4, 'noscript': 2, 'body': 1, 'iframe': 1, 'div': 83, 'a': 71, 'header': 1, 'img': 1, 'nav': 4, 'ul': 12, 'li': 66, 'form': 2, 'input': 3, 'main': 1, 'h1': 3, 'h6': 3, 'p': 14, 'span': 50, 'h3': 1, 'label': 1, 'footer': 1}~0.929558~1~1~7~12~1~155~look~3~13~24~1~1~0~14~25~71~4
https://www.thesaurus.com/browse/look~{'html': 1, 'head': 1, 'meta': 11, 'link': 9, 'title': 1, 'script': 20, 'style': 130, 'body': 1, 'noscript': 2, 'iframe': 1, 'div': 74, 'header': 1, 'nav': 2, 'ul': 19, 'li': 249, 'a': 258, 'button': 3, 'span': 254, 'img': 5, 'form': 1, 'label': 1, 'input': 1, 'main': 1, 'aside': 21, 'section': 17, 'h1': 1, 'audio': 2, 'source': 3, 'em': 10, 'strong': 6, 'p': 19, 'hr': 1, 'h2': 3, 'h3': 6, 'footer': 1}~0.152763~1~1~162~33~1~145~look~1~11~20~5~1~0~19~9~258~10
https://www.look.co.uk/~{'html': 1, 'head': 1, 'meta': 85, 'script': 26, 'link': 28, 'title': 1, 'noscript': 3, 'style': 3, 'body': 1, 'div': 147, 'aside': 1, 'iframe': 1, 'header': 1, 'h1': 2, 'a': 83, 'span': 49, 'picture': 1, 'source': 2, 'img': 28, 'ul': 13, 'li': 71, 'nav': 3, 'form': 2, 'input': 7, 'button': 2, 'label': 4, 'section': 7, 'article': 23, 'figure': 23, 'h3': 23, 'h2': 4, 'p': 2, 'figcaption': 2, 'footer': 1, 'sub': 1}~0.131269~1~1~262~12~1~141~look~2~85~26~28~1~0~2~28~83~16
https://shop.nordstrom.com/looks~{'html': 1, 'head': 1, 'title': 1, 'meta': 4, 'style': 1, 'script': 4, 'body': 1, 'div': 2, 'p': 5, 'svg': 1, 'g': 1, 'path': 9, 'h1': 1, 'h2': 1}~0.2497~1~1~1~27~1~0~look~1~4~4~0~0~0~5~0~0~21
https://www.mybobs.com/shop-the-look~{'html': 1, 'head': 1, 'script': 17, 'title': 1, 'meta': 11, 'link': 4, 'style': 1, 'body': 1, 'div': 197, 'header': 1, 'a': 184, 'nav': 2, 'form': 3, 'input': 12, 'button': 10, 'img': 45, 'p': 18, 'span': 47, 'ul': 18, 'li': 103, 'article': 16, 'h1': 1, 'h2': 10, 'h3': 1, 'br': 2, 'u': 1, 'h5': 7, 'label': 1, 'noscript': 1, 'iframe': 1}~0.283558~1~1~55~32~1~119~look~1~11~17~45~1~0~18~4~184~23
https://www.bestbuy.com/loyalty/catalog~{'html': 1, 'head': 1, 'title': 1, 'body': 1, 'h1': 1, 'p': 1}~1.41148~1~1~1~-1~1~0~offer~1~0~0~0~0~0~1~0~0~11
https://www.paypal.com/deals~{'html': 1, 'head': 1, 'meta': 18, 'title': 1, 'link': 12, 'script': 13, 'style': 2, 'body': 1, 'div': 92, 'header': 5, 'a': 35, 'section': 9, 'h1': 1, 'p': 10, 'label': 1, 'select': 1, 'option': 1, 'button': 2, 'form': 1, 'input': 1, 'h2': 6, 'h3': 3, 'br': 1, 'hr': 2, 'footer': 1, 'ul': 4, 'li': 20, 'img': 2, 'noscript': 1}~0.502965~1~1~8~-1~1~203~offer~1~18~13~2~0~0~10~12~35~13
https://www.peddle.com/sell-car~{'html': 1, 'head': 1, 'meta': 12, 'script': 30, 'input': 80, 'link': 6, 'title': 1, 'body': 1, 'div': 463, 'header': 1, 'a': 141, 'span': 180, 'ul': 3, 'li': 19, 'button': 42, 'strong': 41, 'style': 1, 'nav': 1, 'br': 13, 'h4': 36, 'table': 97, 'tr': 97, 'td': 211, 'hr': 70, 'textarea': 2, 'img': 7, 'label': 2, 'select': 1, 'em': 1, 'lable': 1, 'i': 3, 'h3': 1, 'p': 10, 'h1': 3, 'b': 1, 'tbody': 1, 'footer': 1, 'noscript': 1, 'iframe': 1}~0.462588~1~1~62~-1~1~176~offer~3~12~30~7~1~0~10~6~141~15
https://www.samsung.com/us/shop/all-deals/~{'html': 1, 'head': 1, 'meta': 24, 'link': 14, 'title': 1, 'script': 14, 'style': 3, 'body': 1, 'input': 5, 'span': 26, 'div': 328, 'section': 27, 'a': 144, 'nav': 1, 'ul': 22, 'li': 90, 'svg': 8, 'path': 8, 'rect': 2, 'img': 36, 'circle': 2, 'strong': 1, 'form': 1, 'label': 1, 'button': 4, 'p': 13, 'br': 48, 'picture': 23, 'source': 23, 'h2': 6, 'h3': 10, 'sup': 8, 'h4': 3, 'footer': 1, 'h6': 5, 'i': 10}~0.185136~1~1~122~-1~1~84~offer~0~24~14~36~0~0~13~14~144~23
https://www.brown.edu/~{'html': 1, 'head': 1, 'meta': 12, 'script': 5, 'link': 11, 'title': 1, 'body': 1, 'noscript': 1, 'iframe': 1, 'div': 1077, 'header': 5, 'a': 372, 'span': 944, 'svg': 423, 'use': 423, 'nav': 9, 'h2': 16, 'ul': 18, 'li': 79, 'button': 122, 'main': 2, 'h1': 1, 'article': 86, 'p': 25, 'select': 8, 'option': 24, 'h3': 85, 'time': 20, 'img': 7, 'figure': 3, 'video': 3, 'source': 3, 'footer': 1, 'form': 2, 'input': 2}~0.147812~1~1~30~12~1~862~brown~1~12~5~7~1~3~25~11~372~0
https://www.brown.edu/about~{'html': 1, 'head': 1, 'meta': 21, 'script': 5, 'link': 12, 'title': 1, 'body': 1, 'noscript': 1, 'iframe': 1, 'div': 218, 'header': 9, 'a': 136, 'span': 272, 'svg': 102, 'use': 102, 'nav': 10, 'h2': 21, 'ul': 19, 'li': 84, 'button': 26, 'main': 1, 'h1': 1, 'p': 22, 'article': 17, 'h4': 5, 'h3': 7, 'ol': 1, 'figure': 3, 'img': 4, 'footer': 5, 'form': 2, 'input': 2}~0.182008~1~1~17~12~1~238~brown~1~21~5~4~1~0~22~12~136~3
https://www.brown.edu/a-z~{'html': 1, 'head': 1, 'meta': 11, 'script': 6, 'link': 10, 'title': 1, 'body': 1, 'noscript': 1, 'iframe': 1, 'div': 502, 'header': 2, 'a': 233, 'span': 557, 'svg': 205, 'use': 205, 'nav': 10, 'h2': 9, 'ul': 18, 'li': 79, 'button': 42, 'main': 1, 'h1': 1, 'form': 3, 'label': 17, 'input': 19, 'fieldset': 1, 'legend': 1, 'article': 26, 'h3': 26, 'footer': 1, 'img': 1, 'p': 3}~0.200709~1~1~9~12~1~325~brown~1~11~6~1~1~0~3~10~233~5
https://brownbears.com/~{}~0.23724~1~1~42~8~0~0~brown~0~0~0~0~0~0~0~0~0~14
http://www.shopbybrown.com/~{'html': 1, 'head': 1, 'meta': 22, 'base': 1, 'title': 1, 'link': 5, 'script': 15, 'body': 1, 'input': 8, 'a': 72, 'div': 181, 'nav': 3, 'label': 9, 'header': 1, 'h1': 1, 'img': 36, 'style': 2, 'main': 1, 'p': 20, 'i': 6, 'br': 16, 'noscript': 13, 'h3': 10, 'svg': 1, 'path': 1, 'h2': 2, 'strong': 4, 'footer': 1, 'span': 5, 'form': 1, 'fieldset': 1, 'legend': 1, 'textarea': 1}~0.162947~0~1~65~17~1~92~brown~1~22~15~36~0~0~20~5~72~16
https://www.cleveland.com/browns/~{'html': 1, 'head': 1, 'script': 12, 'title': 1, 'meta': 5, 'link': 4, 'body': 1, 'div': 106, 'a': 288, 'header': 1, 'nav': 2, 'button': 45, 'span': 138, 'ul': 31, 'li': 214, 'input': 3, 'img': 22, 'br': 2, 'h2': 35, 'h1': 1, 'main': 1, 'article': 14, 'time': 14, 'p': 20, 'h4': 4, 'iframe': 1, 'h3': 8}~0.158777~1~1~50~26~1~157~brown~1~5~12~22~1~0~20~4~288~22
https://www.head.com/~{'html': 1, 'head': 1, 'meta': 14, 'base': 1, 'title': 1, 'link': 67, 'script': 33, 'style': 3, 'body': 1, 'noscript': 1, 'iframe': 1, 'header': 1, 'div': 172, 'button': 9, 'span': 148, 'a': 390, 'img': 27, 'ul': 99, 'li': 378, 'label': 2, 'select': 2, 'option': 45, 'nav': 1, 'form': 1, 'fieldset': 1, 'input': 6, 'ol': 1, 'picture': 17, 'source': 25, 'h1': 1, 'br': 12, 'p': 10, 'h3': 8, 'strong': 4, 'h2': 1, 'hr': 4, 'footer': 1, 'i': 12}~0.461759~1~1~67~12~1~589~head~1~14~33~27~1~0~10~67~390~0
https://www.head.com/en-GB/home/~{'html': 1, 'head': 1, 'meta': 14, 'base': 1, 'title': 1, 'link': 67, 'script': 33, 'style': 1, 'body': 1, 'noscript': 1, 'iframe': 1, 'header': 1, 'div': 168, 'button': 9, 'span': 147, 'a': 404, 'img': 27, 'ul': 99, 'li': 379, 'label': 1, 'select': 1, 'option': 36, 'nav': 1, 'form': 1, 'fieldset': 1, 'input': 6, 'ol': 1, 'picture': 17, 'source': 25, 'h1': 1, 'br': 12, 'p': 10, 'h3': 8, 'strong': 4, 'h2': 1, 'hr': 4, 'footer': 1, 'h4': 2, 'i': 12}~0.688559~1~1~62~12~1~589~head~1~14~33~27~1~0~10~67~404~1
https://www.head.com/en-IC/sports/padel/~{'html': 1, 'head': 1, 'meta': 14, 'base': 1, 'title': 1, 'link': 67, 'script': 35, 'style': 2, 'body': 1, 'noscript': 1, 'iframe': 2, 'header': 1, 'div': 241, 'button': 11, 'span': 142, 'a': 392, 'img': 28, 'ul': 99, 'li': 375, 'label': 2, 'select': 2, 'option': 45, 'nav': 1, 'form': 1, 'fieldset': 1, 'input': 6, 'ol': 1, 'p': 20, 'picture': 18, 'source': 17, 'h1': 1, 'article': 5, 'h2': 10, 'br': 6, 'h3': 5, 'h4': 2, 'time': 3, 'hr': 1, 'footer': 1, 'i': 12}~2.142525~1~1~86~12~1~563~head~1~14~35~28~2~0~20~67~392~2
https://www.w3schools.com/html/html_head.asp~{'html': 1, 'head': 1, 'title': 1, 'meta': 4, 'link': 3, 'style': 2, 'script': 13, 'body': 1, 'div': 117, 'a': 319, 'span': 16, 'i': 6, 'h3': 24, 'br': 129, 'h2': 20, 'h1': 1, 'hr': 15, 'p': 38, 'code': 27, 'ul': 1, 'li': 3, 'strong': 4, 'em': 2, 'img': 4, 'b': 2, 'table': 1, 'tr': 8, 'th': 2, 'td': 14, 'h4': 8, 'form': 1, 'label': 3, 'input': 2, 'textarea': 1, 'button': 1}~0.111181~1~1~4~36~1~26~head~1~4~13~4~0~0~38~3~319~16
https://head.aas.org/~{'html': 1, 'head': 1, 'meta': 2, 'link': 3, 'title': 1, 'style': 4, 'script': 9, 'body': 1, 'div': 34, 'a': 35, 'img': 7, 'h1': 3, 'ul': 3, 'li': 20, 'span': 7, 'p': 4, 'h2': 2, 'strong': 1}~0.241109~1~1~29~8~1~90~head~3~2~9~7~0~0~4~3~35~21
https://www.rottentomatoes.com/m/doubt~{'html': 1, 'head': 1, 'meta': 22, 'title': 1, 'link': 11, 'script': 39, 'style': 2, 'body': 1, 'div': 599, 'noscript': 1, 'img': 66, 'button': 28, 'span': 373, 'ul': 19, 'li': 112, 'a': 463, 'nav': 2, 'form': 4, 'input': 11, 'em': 14, 'i': 9, 'h2': 32, 'p': 46, 'table': 14, 'tr': 82, 'td': 192, 'label': 7, 'br': 42, 'small': 3, 'section': 19, 'aside': 9, 'h3': 10, 'h1': 2, 'hr': 2, 'strong': 16, 'textarea': 2, 'time': 3, 'blockquote': 12, 'cite': 12, 'footer': 2, 'svg': 4, 'g': 4, 'path': 4, 'iframe': 2}~0.472471~1~1~225~33~1~101~doubt~2~22~39~66~2~0~46~11~463~8
https://www.amazon.com/Doubt-Meryl-Streep/dp/B001PA0FFO~{'html': 1, 'head': 1, 'meta': 4, 'title': 1, 'link': 1, 'script': 3, 'body': 1, 'div': 22, 'i': 2, 'h4': 2, 'p': 1, 'form': 1, 'input': 3, 'img': 2, 'a': 3, 'span': 6, 'button': 1, 'noscript': 1}~0.141411~1~1~156~23~1~1~doubt~0~4~3~2~0~0~1~1~3~12
https://www.thesaurus.com/browse/doubt~{'html': 1, 'head': 1, 'meta': 11, 'link': 9, 'title': 1, 'script': 20, 'style': 130, 'body': 1, 'noscript': 2, 'iframe': 1, 'div': 73, 'header': 1, 'nav': 2, 'ul': 19, 'li': 247, 'a': 252, 'button': 2, 'span': 252, 'img': 5, 'form': 1, 'label': 1, 'input': 1, 'main': 1, 'aside': 21, 'section': 17, 'h1': 1, 'audio': 2, 'source': 3, 'em': 6, 'strong': 2, 'p': 19, 'hr': 1, 'h2': 3, 'h3': 6, 'footer': 1}~0.194881~1~1~161~33~1~100~doubt~1~11~20~5~1~0~19~9~252~17
https://www.nodoubt.com/~{'html': 1, 'head': 1, 'meta': 22, 'link': 10, 'title': 1, 'style': 1, 'script': 18, 'body': 1, 'a': 92, 'noscript': 1, 'iframe': 1, 'div': 173, 'aside': 2, 'nav': 10, 'h2': 12, 'ul': 14, 'li': 70, 'header': 2, 'section': 8, 'h1': 2, 'span': 32, 'article': 8, 'picture': 7, 'source': 26, 'img': 7, 'h5': 4, 'p': 5, 'footer': 1, 'i': 3, 'form': 2, 'label': 13, 'input': 22, 'select': 1, 'option': 251, 'fieldset': 1, 'h4': 1, 'h6': 1}~0.347171~1~1~53~14~1~194~doubt~2~22~18~7~1~0~5~10~92~19
http://www.year-network.com/~{'html': 1, 'head': 1, 'meta': 17, 'link': 33, 'title': 1, 'script': 24, 'style': 5, 'body': 1, 'div': 94, 'a': 66, 'img': 28, 'p': 32, 'aside': 8, 'ul': 6, 'li': 21, 'section': 7, 'h3': 16, 'nav': 1, 'br': 25, 'h1': 5, 'noscript': 1, 'article': 4, 'em': 3, 'strong': 6, 'sup': 3, 'h2': 3, 'table': 1, 'tr': 2, 'td': 2, 'span': 15, 'i': 5}~2.412729~0~1~17~11~1~300~year~5~17~24~28~0~0~32~33~66~17
https://www.thesaurus.com/browse/report~{'html': 1, 'head': 1, 'meta': 11, 'link': 9, 'title': 1, 'script': 20, 'style': 130, 'body': 1, 'noscript': 2, 'iframe': 1, 'div': 73, 'header': 1, 'nav': 2, 'ul': 19, 'li': 240, 'a': 249, 'button': 3, 'span': 224, 'img': 5, 'form': 1, 'label': 1, 'input': 1, 'main': 1, 'aside': 21, 'section': 17, 'h1': 1, 'audio': 2, 'source': 3, 'em': 10, 'strong': 6, 'p': 17, 'hr': 1, 'h2': 2, 'h3': 6, 'footer': 1}~0.11596~1~1~160~33~1~86~report~1~11~20~5~1~0~17~9~249~10
https://www.theverge.com/report~{'html': 1, 'head': 1, 'title': 10, 'meta': 18, 'script': 31, 'link': 19, 'style': 2, 'body': 1, 'a': 270, 'noscript': 33, 'iframe': 1, 'svg': 26, 'symbol': 48, 'path': 68, 'g': 4, 'circle': 1, 'div': 253, 'header': 1, 'span': 262, 'ul': 11, 'li': 97, 'use': 17, 'button': 2, 'nav': 1, 'form': 1, 'input': 2, 'section': 1, 'main': 1, 'h1': 1, 'img': 64, 'h2': 32, 'p': 7, 'time': 32, 'aside': 2, 'h3': 2, 'ol': 2, 'picture': 5, 'footer': 1}~0.3864~1~1~93~25~10~24~report~1~18~31~64~1~0~7~19~270~15
https://popeyes.com/menu/desserts/~{'html': 1, 'head': 1, 'title': 1, 'body': 1, 'center': 2, 'h1': 1, 'hr': 1}~0.205017~1~1~3~-1~1~0~pie~1~0~0~0~0~0~0~0~0~24
https://www.bendoregon.gov/~{'html': 1, 'head': 1, 'meta': 5, 'title': 1, 'link': 10, 'script': 30, 'body': 1, 'noscript': 3, 'div': 78, 'span': 18, 'a': 158, 'img': 19, 'header': 1, 'h1': 1, 'label': 2, 'input': 2, 'nav': 1, 'ul': 30, 'li': 103, 'figure': 1, 'h2': 10, 'p': 20, 'section': 1, 'footer': 1, 'br': 6, 'strong': 3, 'em': 3, 'iframe': 1}~0.448279~1~1~2~12~1~48~bend~1~5~30~19~1~0~20~10~158~5
https://bendchamber.org/~{'html': 1, 'head': 1, 'meta': 6, 'link': 24, 'title': 1, 'script': 17, 'style': 1, 'body': 1, 'h1': 2, 'div': 91, 'span': 9, 'a': 158, 'i': 14, 'ul': 20, 'li': 122, 'form': 2, 'input': 13, 'label': 3, 'img': 13, 'p': 2, 'h2': 1, 'h3': 6, 'h4': 1, 'br': 2}~0.441134~1~1~29~8~1~271~bend~2~6~17~13~0~0~2~24~158~22
https://tophat.com/~{'html': 1, 'head': 1, 'meta': 20, 'link': 29, 'script': 30, 'title': 1, 'style': 1, 'body': 1, 'noscript': 1, 'iframe': 1, 'header': 1, 'div': 118, 'form': 4, 'label': 2, 'input': 2, 'button': 5, 'a': 106, 'i': 16, 'img': 27, 'nav': 3, 'ul': 16, 'li': 72, 'span': 37, 'h4': 12, 'h5': 27, 'p': 47, 'br': 14, 'h6': 4, 'section': 7, 'article': 1, 'h1': 1, 'h2': 7, 'h3': 5, 'hr': 4, 'footer': 1}~0.121872~1~1~10~8~1~265~top~1~20~30~27~1~0~47~29~106~0
https://app.tophat.com/~{'html': 1, 'head': 1, 'meta': 3, 'link': 2, 'title': 1, 'script': 3, 'body': 1, 'div': 1}~0.036174~1~1~1~12~1~1~top~0~3~3~0~0~0~0~2~0~1
https://tophat.com/classroom/~{'html': 1, 'head': 1, 'meta': 20, 'link': 29, 'script': 30, 'title': 1, 'style': 1, 'body': 1, 'noscript': 1, 'iframe': 1, 'header': 1, 'div': 149, 'form': 3, 'label': 2, 'input': 2, 'button': 5, 'a': 107, 'i': 15, 'img': 21, 'nav': 3, 'ul': 22, 'li': 93, 'span': 20, 'h4': 5, 'h5': 23, 'p': 54, 'br': 5, 'h6': 4, 'main': 1, 'section': 15, 'h1': 1, 'hr': 1, 'h2': 9, 'blockquote': 1, 'h3': 2, 'footer': 1}~0.123628~1~1~9~8~1~235~top~1~20~30~21~1~0~54~29~107~2
https://tophat.com/textbook/~{'html': 1, 'head': 1, 'meta': 20, 'link': 30, 'script': 31, 'title': 1, 'style': 1, 'body': 1, 'noscript': 1, 'iframe': 1, 'header': 1, 'div': 139, 'form': 3, 'label': 2, 'input': 2, 'button': 5, 'a': 107, 'i': 15, 'img': 19, 'nav': 3, 'ul': 20, 'li': 86, 'span': 21, 'h4': 5, 'h5': 23, 'p': 45, 'br': 7, 'h6': 4, 'main': 1, 'section': 13, 'h1': 1, 'hr': 2, 'h2': 7, 'aside': 1, 'blockquote': 1, 'h3': 2, 'footer': 1}~0.349284~1~1~9~8~1~233~top~1~20~31~19~1~0~45~30~107~4
https://www.topshop.com/~{'html': 1, 'head': 1, 'link': 14, 'script': 5, 'meta': 5, 'title': 2, 'body': 1, 'noscript': 1, 'iframe': 1, 'div': 477, 'style': 11, 'a': 270, 'img': 30, 'button': 27, 'nav': 1, 'span': 204, 'form': 2, 'label': 3, 'input': 2, 'ul': 41, 'li': 200, 'h3': 34, 'h1': 1, 'object': 2, 'map': 2, 'area': 5, 'p': 9, 'h2': 10, 'footer': 1, 'hr': 2, 'h5': 1, 'svg': 1, 'g': 2, 'circle': 8}~0.269559~1~1~100~12~2~1298~top~1~5~5~30~1~0~9~14~270~10
https://www.topshop.com/en/tsuk/category/sale-6923952/shop-all-sale-6912866~{'html': 1, 'head': 1, 'link': 15, 'script': 5, 'meta': 5, 'title': 2, 'body': 1, 'noscript': 1, 'iframe': 1, 'div': 774, 'style': 4, 'a': 405, 'img': 50, 'button': 73, 'nav': 1, 'span': 981, 'form': 2, 'label': 117, 'input': 115, 'ul': 41, 'li': 203, 'h3': 34, 'ol': 1, 'h1': 1, 'br': 1, 'p': 6, 'header': 33, 'article': 8, 'select': 1, 'option': 4, 'picture': 6, 'source': 12, 'i': 24, 'object': 8, 'footer': 1, 'hr': 2, 'h5': 1, 'svg': 1, 'g': 2, 'circle': 8}~0.17228~1~1~716~12~2~3546~top~1~5~5~50~1~0~6~15~405~12
https://www.topshop.com/en/tsuk/category/shoes-430~{'html': 1, 'head': 1, 'link': 15, 'script': 5, 'meta': 5, 'title': 2, 'body': 1, 'noscript': 1, 'iframe': 1, 'div': 772, 'style': 4, 'a': 374, 'img': 55, 'button': 73, 'nav': 1, 'span': 679, 'form': 2, 'label': 66, 'input': 64, 'ul': 42, 'li': 207, 'h3': 34, 'ol': 1, 'h1': 1, 'p': 6, 'header': 34, 'article': 9, 'select': 1, 'option': 4, 'picture': 6, 'source': 12, 'i': 24, 'object': 22, 'footer': 1, 'hr': 2, 'h5': 1, 'svg': 1, 'g': 2, 'circle': 8}~0.173616~1~1~505~12~2~5133~top~1~5~5~55~1~0~6~15~374~14
https://www.nastygal.com/womens/tops~{'html': 1, 'head': 1, 'meta': 570, 'title': 1, 'link': 180, 'script': 195, 'style': 5, 'div': 696, 'body': 1, 'noscript': 1, 'p': 2, 'a': 438, 'i': 30, 'span': 259, 'ul': 38, 'li': 352, 'form': 5, 'fieldset': 4, 'input': 83, 'button': 14, 'nav': 1, 'strong': 15, 'br': 14, 'img': 92, 'ol': 1, 'h1': 1, 'h3': 6, 'select': 3, 'option': 15, 'picture': 80, 'source': 800, 'h5': 3, 'label': 1}~0.636755~1~1~4~32~1~1877~top~1~570~195~92~0~0~2~180~438~19
https://www.legalcontracts.com/~{'html': 1, 'head': 1, 'link': 3, 'script': 14, 'title': 1, 'meta': 9, 'style': 1, 'body': 1, 'div': 62, 'span': 10, 'a': 157, 'ul': 22, 'li': 146, 'input': 18, 'h1': 1, 'h3': 1, 'img': 6, 'h4': 6, 'br': 3, 'h2': 1, 'form': 1}~1.929279~1~1~13~17~1~277~contract~1~9~14~6~0~0~0~3~157~5
https://www.law.cornell.edu/wex/contract~{'html': 1, 'head': 1, 'meta': 26, 'link': 10, 'script': 24, 'title': 1, 'body': 1, 'p': 19, 'a': 121, 'div': 61, 'img': 2, 'header': 3, 'nav': 1, 'button': 3, 'span': 11, 'form': 1, 'h2': 5, 'input': 5, 'ul': 26, 'li': 81, 'h1': 1, 'article': 1, 'strong': 5, 'u': 9, 'br': 1, 'em': 1, 'h3': 4, 'h4': 8, 'i': 1, 'aside': 1, 'section': 1, 'hr': 2, 'footer': 1}~0.128194~1~1~49~32~1~73~contract~1~26~24~2~0~0~19~10~121~15
https://www.thesaurus.com/browse/contract~{'html': 1, 'head': 1, 'meta': 11, 'link': 9, 'title': 1, 'script': 20, 'style': 131, 'body': 1, 'noscript': 2, 'iframe': 1, 'div': 74, 'header': 1, 'nav': 2, 'ul': 19, 'li': 237, 'a': 248, 'button': 3, 'span': 235, 'img': 5, 'form': 1, 'label': 1, 'input': 1, 'main': 1, 'aside': 21, 'section': 17, 'h1': 1, 'audio': 2, 'source': 3, 'em': 8, 'strong': 4, 'p': 18, 'hr': 1, 'h2': 3, 'h3': 6, 'footer': 1}~0.157827~1~1~162~33~1~98~contract~1~11~20~5~1~0~18~9~248~23
https://www.psc-cuny.org/contract/psc-cuny-contract~{'html': 1, 'head': 1, 'meta': 22, 'link': 7, 'title': 1, 'script': 15, 'body': 1, 'p': 6, 'a': 199, 'div': 127, 'header': 1, 'img': 13, 'form': 2, 'h2': 6, 'label': 2, 'input': 8, 'nav': 3, 'span': 79, 'ul': 33, 'li': 181, 'noscript': 1, 'main': 1, 'section': 3, 'h1': 1, 'article': 1}~0.179653~1~1~9~25~1~154~contract~1~22~15~13~0~0~6~7~199~24
https://www.webmd.com/heartburn-gerd/gas-causes-treatments~{'html': 1, 'head': 1, 'title': 1, 'meta': 25, 'link': 8, 'script': 43, 'body': 1, 'header': 9, 'div': 112, 'a': 275, 'nav': 2, 'img': 34, 'span': 30, 'ul': 47, 'li': 252, 'br': 5, 'h3': 30, 'h4': 21, 'form': 1, 'input': 1, 'button': 1, 'main': 1, 'aside': 8, 'article': 1, 'h1': 1, 'section': 8, 'p': 30, 'embeded_module': 1, 'h2': 6, 'footer': 2, 'noscript': 3}~0.326805~1~1~35~37~1~75~gas~1~25~43~34~0~0~30~8~275~9
https://www.swgas.com/~{'html': 1, 'head': 1, 'title': 1, 'meta': 21, 'link': 18, 'script': 8, 'body': 1, 'div': 360, 'a': 188, 'img': 43, 'p': 22, 'span': 22, 'i': 26, 'ul': 33, 'li': 136, 'form': 2, 'input': 4, 'header': 1, 'button': 24, 'nav': 1, 'h2': 13, 'h5': 2, 'br': 7, 'carousel': 3, 'slide': 7, 'style': 1, 'iframe': 3, 'h1': 5, 'h4': 3, 'circle-spinner': 1, 'table': 4, 'tr': 8, 'td': 12, 'noscript': 2, 'hr': 1}~0.595112~1~1~133~14~1~136~gas~5~21~8~43~3~0~22~18~188~11
https://garagemca.org/en~{'html': 1, 'head': 1, 'title': 1, 'meta': 15, 'link': 11, 'script': 5, 'body': 1, 'section': 8, 'div': 191, 'header': 2, 'a': 122, 'i': 29, 'nav': 3, 'ul': 20, 'li': 101, 'span': 159, 'svg': 1, 'path': 1, 'button': 6, 'video': 2, 'h2': 1, 'footer': 2, 'h1': 1, 'em': 7, 'h3': 1, 'p': 5, 'form': 1, 'input': 1, 'h4': 7, 'br': 1, 'noscript': 1, 'iframe': 1}~1.561293~1~1~13~8~1~854~garage~1~15~5~0~1~2~5~11~122~14
https://www.ballarddoors.com/~{'html': 1, 'head': 1, 'script': 21, 'title': 1, 'meta': 13, 'link': 5, 'style': 2, 'body': 1, 'div': 84, 'span': 56, 'strong': 10, 'a': 29, 'table': 7, 'tr': 7, 'td': 17, 'ul': 3, 'li': 13, 'h2': 4, 'font': 16, 'br': 45, 'img': 6, 'hr': 3, 'tbody': 5}~0.548116~1~1~26~-1~1~57~garage~0~13~21~6~0~0~0~5~29~17
https://www.amazon.com/gp/your-garage/~{'html': 1, 'head': 1, 'script': 8, 'meta': 4, 'link': 7, 'style': 1, 'title': 1, 'body': 1, 'div': 1, 'img': 1}~0.186034~1~1~51~31~1~25~garage~0~4~8~1~0~0~0~7~0~23
https://boone.buyabbey.com/~{'html': 1, 'head': 1, 'meta': 5, 'title': 1, 'link': 10, 'script': 24, 'body': 1, 'div': 123, 'form': 1, 'input': 13, 'header': 1, 'a': 23, 'img': 34, 'span': 12, 'h1': 2, 'h6': 1, 'ul': 14, 'li': 38, 'i': 4, 'button': 4, 'nav': 1, 'p': 12, 'h3': 15, 'fieldset': 2, 'legend': 2, 'label': 4, 'textarea': 1, 'iframe': 1, 'footer': 1, 'noscript': 1}~0.36225~1~1~15~-1~1~50~carpet~2~5~24~34~1~0~12~10~23~10
https://www.carpetone.com/~{'html': 1, 'head': 1, 'meta': 10, 'script': 11, 'title': 93, 'link': 23, 'body': 1, 'noscript': 2, 'iframe': 2, 'header': 1, 'div': 185, 'a': 202, 'img': 32, 'ul': 35, 'li': 182, 'span': 18, 'svg': 97, 'path': 86, 'nav': 1, 'dl': 24, 'dt': 23, 'dd': 23, 'h2': 10, 'p': 18, 'polygon': 16, 'h3': 5, 'form': 1, 'label': 2, 'input': 13, 'button': 2, 'section': 8, 'h1': 1, 'br': 14, 'em': 1, 'rect': 14, 'ol': 1, 'circle': 5, 'h4': 2, 'footer': 1, 'h6': 4}~1.394636~1~1~34~12~93~163~carpet~1~10~11~32~2~0~18~23~202~14
https://colourpop.com/products/blowzy~{'html': 1, 'head': 1, 'meta': 17, 'style': 9, 'script': 71, 'title': 1, 'link': 20, 'noscript': 5, 'img': 82, 'body': 1, 'div': 133, 'iframe': 1, 'a': 46, 'h3': 8, 'label': 13, 'button': 4, 'span': 8, 'header': 1, 'section': 8, 'p': 18, 'form': 5, 'input': 23, 'ul': 7, 'li': 22, 'article': 8, 'h1': 1, 'h4': 3, 'h2': 1, 'i': 14, 'b': 6, 'br': 2}~0.445271~1~1~7~-1~1~112~lip~1~17~71~82~1~0~18~20~46~5
https://www.happysocks.com/us/~{'html': 1, 'head': 1, 'script': 32, 'meta': 5, 'title': 1, 'link': 79, 'style': 3, 'body': 1, 'noscript': 2, 'div': 206, 'p': 11, 'strong': 1, 'span': 149, 'a': 144, 'button': 6, 'iframe': 1, 'header': 1, 'ul': 15, 'li': 111, 'svg': 3, 'g': 3, 'path': 4, 'circle': 2, 'img': 80, 'form': 2, 'label': 1, 'input': 3, 'nav': 1, 'main': 1, 'h2': 35, 'b': 6, 'footer': 1, 'select': 1, 'option': 21}~0.406291~1~1~13~17~1~467~sock~0~5~32~80~1~0~11~79~144~13
https://www.happysocks.com/us/brand~{'html': 1, 'head': 1, 'script': 31, 'meta': 7, 'title': 1, 'link': 79, 'style': 4, 'body': 1, 'noscript': 2, 'div': 202, 'p': 23, 'strong': 1, 'span': 118, 'a': 133, 'button': 6, 'iframe': 1, 'header': 1, 'ul': 15, 'li': 111, 'svg': 3, 'g': 3, 'path': 4, 'circle': 2, 'img': 70, 'form': 2, 'label': 1, 'input': 3, 'nav': 1, 'main': 1, 'h1': 6, 'h2': 14, 'br': 3, 'footer': 1, 'select': 1, 'option': 21}~0.090845~1~1~21~17~1~413~sock~6~7~31~70~1~0~23~79~133~17
https://www.actorsaccess.com/~{'html': 1, 'head': 1, 'meta': 3, 'title': 1, 'link': 7, 'script': 18, 'body': 1, 'div': 54, 'hr': 2, 'h1': 1, 'a': 54, 'img': 17, 'ul': 6, 'li': 39, 'i': 6, 'nav': 1, 'button': 3, 'span': 7, 'form': 2, 'h5': 2, 'label': 4, 'br': 6, 'input': 6, 'p': 10, 'em': 4, 'ol': 1, 'iframe': 1, 'h4': 2, 'strong': 2}~0.499993~1~1~38~12~1~19~actor~1~3~18~17~1~0~10~7~54~23
https://www.thesaurus.com/browse/expert~{'html': 1, 'head': 1, 'meta': 11, 'link': 9, 'title': 1, 'script': 20, 'style': 130, 'body': 1, 'noscript': 2, 'iframe': 1, 'div': 73, 'header': 1, 'nav': 2, 'ul': 19, 'li': 242, 'a': 250, 'button': 2, 'span': 243, 'img': 5, 'form': 1, 'label': 1, 'input': 1, 'main': 1, 'aside': 21, 'section': 17, 'h1': 1, 'audio': 2, 'source': 3, 'em': 6, 'strong': 2, 'p': 18, 'hr': 1, 'h2': 3, 'h3': 6, 'footer': 1}~0.11659~1~1~160~33~1~104~expert~1~11~20~5~1~0~18~9~250~1
https://www.thesaurus.com/browse/experts~{'html': 1, 'head': 1, 'meta': 11, 'link': 8, 'title': 1, 'script': 20, 'style': 121, 'body': 1, 'noscript': 2, 'iframe': 1, 'div': 50, 'header': 1, 'nav': 2, 'ul': 13, 'li': 85, 'a': 90, 'button': 2, 'span': 73, 'img': 5, 'form': 1, 'label': 1, 'input': 1, 'main': 1, 'aside': 18, 'section': 12, 'h1': 1, 'audio': 2, 'source': 3, 'em': 5, 'strong': 1, 'p': 18, 'hr': 1, 'h2': 3, 'h3': 1, 'footer': 1}~0.086213~1~1~146~33~1~54~expert~1~11~20~5~1~0~18~8~90~2
https://www.thesaurus.com/browse/expert/2~{'html': 1, 'head': 1, 'meta': 11, 'link': 10, 'title': 1, 'script': 19, 'style': 111, 'body': 1, 'noscript': 2, 'iframe': 1, 'div': 74, 'header': 1, 'nav': 2, 'ul': 19, 'li': 326, 'a': 337, 'button': 2, 'span': 338, 'img': 5, 'form': 1, 'label': 1, 'input': 1, 'main': 1, 'aside': 18, 'section': 18, 'h1': 1, 'audio': 2, 'source': 3, 'em': 2, 'h2': 3, 'p': 16, 'h3': 9, 'footer': 1}~0.137383~1~1~139~33~1~117~expert~1~11~19~5~1~0~16~10~337~3
https://www.experts.com/~{'html': 1, 'head': 1, 'meta': 6, 'title': 1, 'link': 8, 'script': 29, 'noscript': 3, 'img': 15, 'div': 165, 'body': 1, 'a': 181, 'button': 1, 'span': 21, 'ol': 1, 'li': 37, 'h1': 5, 'p': 68, 'em': 4, 'i': 21, 'section': 29, 'h3': 6, 'strong': 2, 'br': 132, 'style': 1, 'b': 10, 'h2': 23, 'ul': 6, 'blockquote': 3, 'hr': 1}~0.211845~1~1~11~12~1~248~expert~5~6~29~15~0~0~68~8~181~22
https://www.home.crewapp.com/~{'html': 1, 'head': 1, 'meta': 21, 'link': 6, 'script': 20, 'title': 1, 'body': 1, 'noscript': 1, 'iframe': 3, 'div': 491, 'style': 71, 'header': 1, 'nav': 2, 'ul': 8, 'li': 29, 'a': 43, 'p': 84, 'span': 261, 'svg': 35, 'g': 32, 'path': 85, 'footer': 1, 'img': 13, 'main': 1, 'section': 6, 'defs': 1, 'mask': 1, 'use': 1, 'image': 1, 'h5': 1, 'h4': 1, 'br': 6, 'ol': 1, 'button': 6, 'polygon': 2}~0.284116~1~1~141~17~1~136~crew~0~21~20~13~3~0~84~6~43~0
https://crewapp.com/app~{'html': 1, 'head': 1, 'title': 1, 'script': 7, 'style': 1, 'link': 17, 'meta': 13, 'body': 1, 'div': 21, 'span': 1}~0.801348~1~1~2~8~1~26~crew~0~13~7~0~0~0~0~17~0~1
https://crewapp.com/get~{'html': 1, 'head': 1, 'title': 1, 'script': 9, 'link': 16, 'meta': 13, 'noscript': 2, 'img': 3, 'body': 1, 'div': 4, 'form': 1, 'h1': 1, 'label': 8, 'select': 4, 'option': 232, 'span': 4, 'input': 4, 'button': 1, 'p': 1}~0.765018~1~1~10~8~1~24~crew~1~13~9~3~0~0~1~16~0~3
https://blog.crewapp.com/help/~{'html': 1, 'head': 1, 'meta': 10, 'link': 23, 'title': 1, 'script': 23, 'style': 4, 'body': 1, 'div': 31, 'a': 18, 'header': 2, 'img': 11, 'nav': 1, 'span': 6, 'ul': 2, 'li': 8, 'main': 1, 'article': 1, 'h1': 1, 'form': 2, 'label': 1, 'input': 4, 'h3': 5, 'h2': 2, 'footer': 1, 'hr': 1, 'p': 2}~2.206299~1~1~13~13~1~93~crew~1~10~23~11~0~0~2~23~18~4
https://crewnetwork.org/home~{'html': 1, 'head': 1, 'title': 1, 'meta': 4, 'link': 4, 'script': 24, 'body': 1, 'form': 1, 'div': 109, 'input': 16, 'noscript': 1, 'iframe': 1, 'style': 2, 'a': 107, 'span': 17, 'header': 1, 'img': 10, 'label': 2, 'br': 5, 'select': 1, 'option': 4, 'nav': 1, 'ul': 8, 'li': 58, 'i': 12, 'section': 6, 'h1': 1, 'h2': 3, 'p': 5, 'svg': 1, 'path': 1, 'h3': 6, 'strong': 1, 'em': 1, 'footer': 1}~0.267973~1~1~8~8~1~109~crew~1~4~24~10~1~0~5~4~107~11
https://www.jcrew.com/~{'html': 1, 'head': 1, 'meta': 6, 'script': 17, 'style': 3, 'title': 14, 'link': 22, 'body': 1, 'div': 215, 'header': 1, 'nav': 1, 'button': 33, 'svg': 17, 'defs': 3, 'path': 17, 'g': 39, 'mask': 3, 'use': 6, 'a': 218, 'ul': 32, 'li': 192, 'span': 73, 'h2': 12, 'h3': 24, 'p': 4, 'input': 1, 'br': 7, 'b': 2, 'main': 1, 'h1': 1, 'section': 4, 'i': 1, 'sup': 2, 'footer': 1, 'img': 1, 'h4': 2}~0.178668~1~1~293~13~14~1069~crew~1~6~17~1~0~0~4~22~218~14
https://www.theboonecrew.com/~{'html': 1, 'head': 1, 'meta': 10, 'title': 1, 'link': 5, 'script': 20, 'style': 1, 'body': 1, 'div': 161, 'span': 121, 'a': 179, 'select': 5, 'option': 217, 'ul': 9, 'li': 61, 'strong': 27, 'br': 63, 'p': 25, 'img': 68, 'h2': 7, 'form': 1, 'input': 6, 'label': 5, 'button': 1, 'figure': 4, 'figcaption': 4, 'table': 1, 'tbody': 1, 'tr': 1, 'td': 1, 'iframe+width%3d"854"+height%3d"480"+src%3d"https%3a%2f%2fwww.youtube.com%2fembed%2fbiulzzcux6w"+frameborder%3d"0"+allowfullscreen': 1, 'em': 7, 'font': 12, 'b': 11, 'i': 5, 'center': 17, 'u': 1, 'article': 3, 'header': 3, 'h1': 3, 'iframe': 1}~1.130239~1~1~65~20~1~17~crew~3~10~20~68~1~0~25~5~179~15
https://crew.co/~{'html': 1, 'head': 1, 'meta': 4, 'script': 3, 'title': 1, 'link': 1, 'body': 1, 'header': 1, 'nav': 1, 'img': 1, 'main': 1, 'h1': 1, 'p': 2, 'a': 2, 'footer': 1}~0.135381~1~1~1~8~1~7~crew~1~4~3~1~0~0~2~1~2~16
http://www.crewcharlotte.org/~{'html': 1, 'head': 1, 'title': 1, 'meta': 4, 'link': 7, 'script': 17, 'body': 1, 'div': 32, 'nav': 1, 'ul': 11, 'li': 35, 'a': 76, 'img': 14, 'i': 4, 'br': 27, 'h3': 3, 'span': 3, 'b': 3, 'hr': 3, 'style': 1, 'p': 5, 'iframe': 2, 'h2': 1, 'h4': 3, 'table': 5, 'tr': 7, 'td': 7}~0.09557~0~1~32~11~1~31~crew~0~4~17~14~2~0~5~7~76~21
https://www.va.gov/ncod/crew.asp~{'html': 1, 'head': 1, 'meta': 10, 'link': 11, 'script': 23, 'style': 3, 'title': 1, 'body': 1, 'div': 108, 'a': 283, 'header': 1, 'button': 3, 'span': 80, 'p': 22, 'form': 3, 'label': 6, 'input': 10, 'ul': 30, 'li': 250, 'img': 25, 'nav': 1, 'b': 3, 'ol': 20, 'h2': 10, 'strong': 6, 'em': 7, 'h3': 10, 'section': 1, 'h1': 1, 'br': 16, 'h4': 7, 'i': 4}~0.613506~1~1~18~24~1~43~crew~1~10~23~25~0~0~22~11~283~24
https://www.apa.org/pubs/journals/emo/~{'html': 1, 'head': 1, 'title': 1, 'link': 1, 'meta': 8, 'body': 1, 'div': 11, 'img': 1, 'h1': 1, 'p': 2, 'strong': 1, 'ul': 1, 'li': 3, 'a': 1, 'form': 2, 'label': 8, 'input': 20, 'br': 1}~0.228279~1~1~1~-1~1~0~emotion~1~8~0~1~0~0~2~1~1~6
https://journals.sagepub.com/home/emr~{'html': 1, 'head': 1, 'script': 42, 'meta': 18, 'link': 21, 'title': 1, 'body': 1, 'div': 996, 'a': 178, 'noscript': 1, 'iframe': 2, 'main': 1, 'header': 1, 'img': 27, 'util:actioncontext': 3, 'form': 6, 'span': 370, 'input': 27, 'h4': 3, 'nav': 4, 'ul': 39, 'li': 98, 'h2': 16, 'strong': 1, 'p': 52, 'h3': 7, 'table': 33, 'tr': 40, 'td': 68, 'th': 8, 'label': 9, 'br': 36, 'select': 2, 'option': 2, 'h1': 1, 'section': 4, 'i': 2, 'center': 1, 'b': 1, 'hr': 27, 'style': 28, 'tbody': 2, 'thead': 1, 'footer': 1}~0.169956~1~1~59~-1~1~48~emotion~1~18~42~27~2~0~52~21~178~20
https://www.thesaurus.com/browse/role~{'html': 1, 'head': 1, 'meta': 11, 'link': 9, 'title': 1, 'script': 20, 'style': 129, 'body': 1, 'noscript': 2, 'iframe': 1, 'div': 71, 'header': 1, 'nav': 2, 'ul': 19, 'li': 288, 'a': 296, 'button': 2, 'span': 284, 'img': 5, 'form': 1, 'label': 1, 'input': 1, 'main': 1, 'aside': 21, 'section': 17, 'h1': 1, 'audio': 2, 'source': 3, 'em': 6, 'strong': 2, 'p': 18, 'hr': 1, 'h2': 3, 'h3': 6, 'footer': 1}~0.186846~1~1~159~33~1~85~role~1~11~20~5~1~0~18~9~296~1
https://www.roleapp.com/~{'head': 1, 'title': 1, 'body': 1, 'h1': 1, 'p': 1}~0.279612~1~1~6~12~1~0~role~1~0~0~0~0~0~1~0~0~15
https://apply.army.mod.uk/roles~{'html': 1, 'head': 1, 'title': 1, 'meta': 7, 'script': 34, 'link': 12, 'body': 1, 'header': 1, 'div': 43, 'a': 28, 'button': 2, 'span': 14, 'img': 2, 'nav': 2, 'ul': 8, 'li': 49, 'input': 59, 'i': 7, 'main': 1, 'section': 9, 'picture': 1, 'source': 3, 'h1': 2, 'p': 5, 'h4': 4, 'form': 1, 'h2': 3, 'label': 31, 'h5': 1, 'footer': 1, 'hr': 1}~0.816598~1~1~19~26~1~94~role~2~7~34~2~0~0~5~12~28~18
https://www.wearemarchon.org/~{'html': 1, 'head': 1, 'meta': 24, 'title': 1, 'script': 31, 'style': 8, 'link': 31, 'noscript': 3, 'img': 47, 'body': 1, 'iframe': 2, 'div': 298, 'header': 1, 'a': 94, 'span': 95, 'nav': 1, 'i': 10, 'ul': 4, 'li': 29, 'br': 7, 'main': 1, 'section': 11, 'h5': 1, 'h2': 19, 'h4': 2, 'strong': 2, 'h6': 1, 'center': 2, 'article': 16, 'time': 16, 'p': 7, 'b': 5, 'footer': 1}~1.602018~1~1~15~17~1~383~march~0~24~31~47~2~0~7~31~94~15
https://womensmarch.com/~{'html': 1, 'head': 1, 'meta': 19, 'base': 1, 'title': 1, 'link': 8, 'script': 22, 'body': 1, 'div': 208, 'a': 87, 'img': 12, 'button': 14, 'svg': 23, 'use': 35, 'nav': 8, 'span': 22, 'header': 2, 'form': 1, 'input': 1, 'main': 1, 'section': 7, 'h3': 9, 'h1': 1, 'p': 17, 'figure': 8, 'h2': 7, 'style': 2, 'article': 3, 'strong': 2, 'br': 31, 'noscript': 1, 'footer': 1, 'symbol': 6, 'path': 6}~0.432059~1~1~26~14~1~78~march~1~19~22~12~0~0~17~8~87~18
https://taxmarch.org/~{'html': 1, 'head': 1, 'title': 1, 'body': 1, 'center': 2, 'h1': 1, 'hr': 1}~0.249903~1~1~23~11~1~0~march~1~0~0~0~0~0~0~0~0~23
https://www.accuweather.com/en/weather-news/severe-thunderstorms-to-march-across-north-central-us-through-wednesday/70008769~{'html': 1, 'head': 1, 'title': 1, 'body': 1, 'h1': 1, 'p': 1}~0.187066~1~1~1~68~1~1~march~1~0~0~0~0~0~1~0~0~24
